,candidate_1,candidate_2,candidate_3,num_candidates,noise
0,candidate_1,candidate_2,candidate_3,3,0.016666666666666666
1,candidate_1,candidate_2,candidate_3,3,0.016666666666666666
2,candidate_1,candidate_2,candidate_3,3,0.016666666666666666
3,candidate_1,candidate_2,candidate_3,3,0.016666666666666666
4,candidate_1,candidate_2,candidate_3,3,0.016666666666666666
5,candidate_1,candidate_2,candidate_3,3,0.016666666666666666
6,candidate_1,candidate_2,candidate_3,3,0.016666666666666666
7,candidate_1,candidate_2,candidate_3,3,0.016666666666666666
8,candidate_1,candidate_2,candidate_3,3,0.016666666666666666
9,candidate_1,candidate_2,candidate_3,3,0.016666666666666666
10,candidate_1,candidate_2,candidate_3,3,0.016666666666666666
11,candidate_1,candidate_2,candidate_3,3,0.016666666666666666
12,candidate_1,candidate_2,candidate_3,3,0.016666666666666666
13,candidate_1,candidate_2,candidate_3,3,0.016666666666666666
14,candidate_1,candidate_2,candidate_3,3,0.016666666666666666
15,candidate_1,candidate_2,candidate_3,3,0.016666666666666666
16,candidate_1,candidate_2,candidate_3,3,0.016666666666666666
17,candidate_1,candidate_2,candidate_3,3,0.016666666666666666
18,candidate_1,candidate_2,candidate_3,3,0.016666666666666666
19,candidate_1,candidate_2,candidate_3,3,0.016666666666666666
20,candidate_1,candidate_2,candidate_3,3,0.016666666666666666
21,candidate_1,candidate_2,0,3,0.016666666666666666
22,candidate_1,candidate_2,candidate_3,3,0.016666666666666666
23,candidate_1,candidate_2,candidate_3,3,0.016666666666666666
24,candidate_1,0,candidate_3,3,0.016666666666666666
25,candidate_1,candidate_2,candidate_3,3,0.016666666666666666
26,candidate_1,candidate_2,candidate_3,3,0.016666666666666666
27,candidate_1,candidate_2,candidate_3,3,0.016666666666666666
28,candidate_1,candidate_2,candidate_3,3,0.016666666666666666
29,candidate_1,candidate_2,candidate_3,3,0.016666666666666666
30,candidate_1,candidate_2,candidate_3,3,0.016666666666666666
31,candidate_1,candidate_2,candidate_3,3,0.016666666666666666
32,candidate_1,candidate_2,candidate_3,3,0.016666666666666666
33,candidate_1,candidate_2,candidate_3,3,0.016666666666666666
34,candidate_1,candidate_2,candidate_3,3,0.016666666666666666
35,0,candidate_2,candidate_3,3,0.016666666666666666
36,candidate_1,candidate_2,candidate_3,3,0.016666666666666666
37,candidate_1,candidate_2,candidate_3,3,0.016666666666666666
38,candidate_1,candidate_2,candidate_3,3,0.016666666666666666
39,candidate_1,candidate_2,candidate_3,3,0.016666666666666666
40,candidate_1,candidate_2,candidate_3,3,0.016666666666666666
41,candidate_1,candidate_2,candidate_3,3,0.016666666666666666
42,candidate_1,candidate_2,candidate_3,3,0.016666666666666666
43,candidate_1,candidate_2,candidate_3,3,0.016666666666666666
44,candidate_1,candidate_2,candidate_3,3,0.016666666666666666
45,candidate_1,candidate_2,candidate_3,3,0.016666666666666666
46,candidate_1,candidate_2,candidate_3,3,0.016666666666666666
47,candidate_1,candidate_2,candidate_3,3,0.016666666666666666
48,candidate_1,candidate_2,candidate_3,3,0.016666666666666666
49,candidate_1,0,candidate_3,3,0.016666666666666666
50,candidate_1,candidate_2,candidate_3,3,0.016666666666666666
51,candidate_1,candidate_2,candidate_3,3,0.016666666666666666
52,candidate_1,candidate_2,candidate_3,3,0.016666666666666666
53,candidate_1,candidate_2,candidate_3,3,0.016666666666666666
54,candidate_1,candidate_2,candidate_3,3,0.016666666666666666
55,candidate_1,candidate_2,candidate_3,3,0.016666666666666666
56,candidate_1,candidate_2,candidate_3,3,0.016666666666666666
57,candidate_1,candidate_2,candidate_3,3,0.016666666666666666
58,candidate_1,candidate_2,candidate_3,3,0.016666666666666666
59,candidate_1,candidate_2,candidate_3,3,0.016666666666666666
60,candidate_1,candidate_3,candidate_2,3,0.016666666666666666
61,candidate_1,candidate_3,candidate_2,3,0.016666666666666666
62,candidate_1,candidate_3,candidate_2,3,0.016666666666666666
63,candidate_1,candidate_3,candidate_2,3,0.016666666666666666
64,candidate_1,candidate_3,candidate_2,3,0.016666666666666666
65,candidate_1,candidate_3,candidate_2,3,0.016666666666666666
66,candidate_1,candidate_3,candidate_2,3,0.016666666666666666
67,candidate_1,candidate_3,candidate_2,3,0.016666666666666666
68,candidate_1,candidate_3,candidate_2,3,0.016666666666666666
69,candidate_1,candidate_3,candidate_2,3,0.016666666666666666
70,candidate_1,candidate_3,candidate_2,3,0.016666666666666666
71,candidate_1,candidate_3,candidate_2,3,0.016666666666666666
72,candidate_1,candidate_3,candidate_2,3,0.016666666666666666
73,candidate_1,candidate_3,candidate_2,3,0.016666666666666666
74,candidate_1,candidate_3,candidate_2,3,0.016666666666666666
75,candidate_1,candidate_3,candidate_2,3,0.016666666666666666
76,candidate_1,candidate_3,candidate_2,3,0.016666666666666666
77,candidate_1,candidate_3,candidate_2,3,0.016666666666666666
78,candidate_1,candidate_3,candidate_2,3,0.016666666666666666
79,candidate_1,candidate_3,candidate_2,3,0.016666666666666666
80,candidate_1,candidate_3,candidate_2,3,0.016666666666666666
81,candidate_1,candidate_3,candidate_2,3,0.016666666666666666
82,candidate_1,candidate_3,candidate_2,3,0.016666666666666666
83,candidate_1,candidate_3,candidate_2,3,0.016666666666666666
84,candidate_1,candidate_3,candidate_2,3,0.016666666666666666
85,candidate_1,candidate_3,candidate_2,3,0.016666666666666666
86,candidate_1,candidate_3,candidate_2,3,0.016666666666666666
87,candidate_1,candidate_3,candidate_2,3,0.016666666666666666
88,candidate_1,candidate_3,candidate_2,3,0.016666666666666666
89,candidate_1,candidate_3,candidate_2,3,0.016666666666666666
90,candidate_1,candidate_3,candidate_2,3,0.016666666666666666
91,candidate_1,candidate_3,candidate_2,3,0.016666666666666666
92,candidate_1,candidate_3,candidate_2,3,0.016666666666666666
93,candidate_1,candidate_3,candidate_2,3,0.016666666666666666
94,candidate_1,candidate_3,candidate_2,3,0.016666666666666666
95,candidate_1,candidate_3,candidate_2,3,0.016666666666666666
96,candidate_1,candidate_3,candidate_2,3,0.016666666666666666
97,candidate_1,candidate_3,candidate_2,3,0.016666666666666666
98,candidate_1,candidate_3,candidate_2,3,0.016666666666666666
99,candidate_1,candidate_3,candidate_2,3,0.016666666666666666
100,candidate_1,candidate_3,candidate_2,3,0.016666666666666666
101,candidate_1,candidate_3,candidate_2,3,0.016666666666666666
102,candidate_1,candidate_3,candidate_2,3,0.016666666666666666
103,candidate_1,candidate_3,candidate_2,3,0.016666666666666666
104,candidate_1,candidate_3,candidate_2,3,0.016666666666666666
105,candidate_1,candidate_3,candidate_2,3,0.016666666666666666
106,candidate_1,candidate_3,candidate_2,3,0.016666666666666666
107,candidate_1,candidate_3,candidate_2,3,0.016666666666666666
108,candidate_1,candidate_3,candidate_2,3,0.016666666666666666
109,candidate_1,candidate_3,candidate_2,3,0.016666666666666666
110,candidate_1,candidate_3,candidate_2,3,0.016666666666666666
111,candidate_1,candidate_3,candidate_2,3,0.016666666666666666
112,candidate_1,candidate_3,candidate_2,3,0.016666666666666666
113,candidate_1,candidate_3,candidate_2,3,0.016666666666666666
114,candidate_1,candidate_3,candidate_2,3,0.016666666666666666
115,candidate_1,candidate_3,candidate_2,3,0.016666666666666666
116,candidate_1,candidate_3,candidate_2,3,0.016666666666666666
117,candidate_1,candidate_3,candidate_2,3,0.016666666666666666
118,candidate_1,candidate_3,candidate_2,3,0.016666666666666666
119,candidate_1,candidate_3,candidate_2,3,0.016666666666666666
120,candidate_1,candidate_3,candidate_2,3,0.016666666666666666
121,candidate_1,candidate_3,candidate_2,3,0.016666666666666666
122,candidate_1,candidate_3,candidate_2,3,0.016666666666666666
123,candidate_1,candidate_3,candidate_2,3,0.016666666666666666
124,candidate_1,candidate_3,candidate_2,3,0.016666666666666666
125,candidate_1,candidate_3,candidate_2,3,0.016666666666666666
126,candidate_1,candidate_3,candidate_2,3,0.016666666666666666
127,candidate_1,candidate_3,candidate_2,3,0.016666666666666666
128,candidate_1,candidate_3,candidate_2,3,0.016666666666666666
129,candidate_1,candidate_3,candidate_2,3,0.016666666666666666
130,candidate_1,candidate_3,candidate_2,3,0.016666666666666666
131,candidate_1,candidate_3,candidate_2,3,0.016666666666666666
132,candidate_1,candidate_3,candidate_2,3,0.016666666666666666
133,candidate_1,candidate_3,candidate_2,3,0.016666666666666666
134,candidate_1,candidate_3,candidate_2,3,0.016666666666666666
135,candidate_1,candidate_3,candidate_2,3,0.016666666666666666
136,candidate_1,candidate_3,candidate_2,3,0.016666666666666666
137,candidate_1,candidate_3,candidate_2,3,0.016666666666666666
138,candidate_1,candidate_3,candidate_2,3,0.016666666666666666
139,candidate_1,candidate_3,candidate_2,3,0.016666666666666666
140,candidate_1,candidate_3,candidate_2,3,0.016666666666666666
141,candidate_1,candidate_3,candidate_2,3,0.016666666666666666
142,candidate_1,candidate_3,candidate_2,3,0.016666666666666666
143,candidate_1,candidate_3,candidate_2,3,0.016666666666666666
144,candidate_1,candidate_3,candidate_2,3,0.016666666666666666
145,candidate_1,candidate_3,candidate_2,3,0.016666666666666666
146,candidate_1,candidate_3,candidate_2,3,0.016666666666666666
147,candidate_1,candidate_3,candidate_2,3,0.016666666666666666
148,candidate_1,candidate_3,candidate_2,3,0.016666666666666666
149,candidate_1,candidate_3,candidate_2,3,0.016666666666666666
150,candidate_1,candidate_3,candidate_2,3,0.016666666666666666
151,candidate_1,candidate_3,candidate_2,3,0.016666666666666666
152,candidate_1,candidate_3,candidate_2,3,0.016666666666666666
153,candidate_1,candidate_3,candidate_2,3,0.016666666666666666
154,candidate_1,candidate_3,candidate_2,3,0.016666666666666666
155,candidate_1,candidate_3,candidate_2,3,0.016666666666666666
156,candidate_1,candidate_3,candidate_2,3,0.016666666666666666
157,candidate_1,candidate_3,candidate_2,3,0.016666666666666666
158,candidate_1,candidate_3,candidate_2,3,0.016666666666666666
159,candidate_1,candidate_3,candidate_2,3,0.016666666666666666
160,candidate_1,candidate_3,candidate_2,3,0.016666666666666666
161,candidate_1,candidate_3,candidate_2,3,0.016666666666666666
162,candidate_1,candidate_3,candidate_2,3,0.016666666666666666
163,candidate_1,candidate_3,candidate_2,3,0.016666666666666666
164,candidate_1,candidate_3,candidate_2,3,0.016666666666666666
165,candidate_1,candidate_3,candidate_2,3,0.016666666666666666
166,candidate_1,candidate_3,candidate_2,3,0.016666666666666666
167,candidate_2,candidate_1,candidate_3,3,0.016666666666666666
168,candidate_2,candidate_1,candidate_3,3,0.016666666666666666
169,candidate_2,candidate_1,candidate_3,3,0.016666666666666666
170,candidate_2,candidate_1,candidate_3,3,0.016666666666666666
171,candidate_2,candidate_1,candidate_3,3,0.016666666666666666
172,candidate_2,candidate_1,candidate_3,3,0.016666666666666666
173,candidate_2,0,candidate_3,3,0.016666666666666666
174,candidate_2,0,candidate_3,3,0.016666666666666666
175,candidate_2,candidate_1,candidate_3,3,0.016666666666666666
176,candidate_2,candidate_1,candidate_3,3,0.016666666666666666
177,candidate_2,candidate_1,candidate_3,3,0.016666666666666666
178,candidate_2,candidate_1,candidate_3,3,0.016666666666666666
179,candidate_2,candidate_1,candidate_3,3,0.016666666666666666
180,candidate_2,candidate_1,candidate_3,3,0.016666666666666666
181,candidate_2,candidate_1,candidate_3,3,0.016666666666666666
182,candidate_2,candidate_1,candidate_3,3,0.016666666666666666
183,candidate_2,candidate_1,candidate_3,3,0.016666666666666666
184,candidate_2,candidate_1,candidate_3,3,0.016666666666666666
185,candidate_2,candidate_1,candidate_3,3,0.016666666666666666
186,candidate_2,candidate_1,candidate_3,3,0.016666666666666666
187,candidate_2,candidate_1,candidate_3,3,0.016666666666666666
188,candidate_2,candidate_1,candidate_3,3,0.016666666666666666
189,candidate_2,candidate_1,candidate_3,3,0.016666666666666666
190,candidate_2,candidate_1,candidate_3,3,0.016666666666666666
191,candidate_2,candidate_1,candidate_3,3,0.016666666666666666
192,candidate_2,candidate_1,candidate_3,3,0.016666666666666666
193,candidate_2,candidate_1,candidate_3,3,0.016666666666666666
194,candidate_2,candidate_1,candidate_3,3,0.016666666666666666
195,candidate_2,candidate_1,candidate_3,3,0.016666666666666666
196,candidate_2,candidate_1,candidate_3,3,0.016666666666666666
197,candidate_2,candidate_1,candidate_3,3,0.016666666666666666
198,candidate_2,candidate_1,candidate_3,3,0.016666666666666666
199,candidate_2,candidate_1,candidate_3,3,0.016666666666666666
200,candidate_2,candidate_1,candidate_3,3,0.016666666666666666
201,candidate_2,candidate_1,candidate_3,3,0.016666666666666666
202,candidate_2,candidate_1,candidate_3,3,0.016666666666666666
203,candidate_2,candidate_1,candidate_3,3,0.016666666666666666
204,candidate_2,candidate_1,candidate_3,3,0.016666666666666666
205,candidate_2,candidate_1,candidate_3,3,0.016666666666666666
206,candidate_2,candidate_1,candidate_3,3,0.016666666666666666
207,candidate_2,candidate_1,candidate_3,3,0.016666666666666666
208,candidate_2,candidate_1,candidate_3,3,0.016666666666666666
209,candidate_2,candidate_1,candidate_3,3,0.016666666666666666
210,candidate_2,candidate_1,candidate_3,3,0.016666666666666666
211,candidate_2,candidate_1,candidate_3,3,0.016666666666666666
212,candidate_2,candidate_1,candidate_3,3,0.016666666666666666
213,candidate_2,candidate_1,candidate_3,3,0.016666666666666666
214,candidate_2,candidate_1,candidate_3,3,0.016666666666666666
215,candidate_2,candidate_1,candidate_3,3,0.016666666666666666
216,candidate_2,candidate_1,candidate_3,3,0.016666666666666666
217,candidate_2,candidate_1,candidate_3,3,0.016666666666666666
218,candidate_2,candidate_1,candidate_3,3,0.016666666666666666
219,candidate_2,candidate_1,candidate_3,3,0.016666666666666666
220,candidate_2,candidate_1,candidate_3,3,0.016666666666666666
221,candidate_2,candidate_1,candidate_3,3,0.016666666666666666
222,candidate_2,candidate_1,candidate_3,3,0.016666666666666666
223,candidate_2,candidate_1,candidate_3,3,0.016666666666666666
224,candidate_2,candidate_1,candidate_3,3,0.016666666666666666
225,candidate_2,candidate_1,candidate_3,3,0.016666666666666666
226,candidate_2,candidate_1,candidate_3,3,0.016666666666666666
227,candidate_2,candidate_1,candidate_3,3,0.016666666666666666
228,candidate_2,candidate_1,candidate_3,3,0.016666666666666666
229,candidate_2,candidate_1,0,3,0.016666666666666666
230,candidate_2,candidate_1,candidate_3,3,0.016666666666666666
231,candidate_2,candidate_1,candidate_3,3,0.016666666666666666
232,candidate_2,candidate_1,candidate_3,3,0.016666666666666666
233,candidate_2,candidate_1,candidate_3,3,0.016666666666666666
234,candidate_2,candidate_1,candidate_3,3,0.016666666666666666
235,candidate_2,0,candidate_3,3,0.016666666666666666
236,candidate_2,candidate_1,candidate_3,3,0.016666666666666666
237,candidate_2,candidate_1,candidate_3,3,0.016666666666666666
238,candidate_2,candidate_1,candidate_3,3,0.016666666666666666
239,candidate_2,candidate_1,candidate_3,3,0.016666666666666666
240,candidate_2,candidate_1,candidate_3,3,0.016666666666666666
241,candidate_2,candidate_1,candidate_3,3,0.016666666666666666
242,candidate_2,candidate_1,candidate_3,3,0.016666666666666666
243,candidate_2,candidate_1,candidate_3,3,0.016666666666666666
244,candidate_2,candidate_1,candidate_3,3,0.016666666666666666
245,candidate_2,candidate_1,candidate_3,3,0.016666666666666666
246,candidate_2,candidate_1,candidate_3,3,0.016666666666666666
247,candidate_2,0,candidate_3,3,0.016666666666666666
248,candidate_2,candidate_1,candidate_3,3,0.016666666666666666
249,candidate_2,candidate_1,candidate_3,3,0.016666666666666666
250,candidate_2,candidate_1,candidate_3,3,0.016666666666666666
251,candidate_2,0,candidate_3,3,0.016666666666666666
252,candidate_2,candidate_1,candidate_3,3,0.016666666666666666
253,candidate_2,candidate_1,candidate_3,3,0.016666666666666666
254,candidate_2,candidate_1,candidate_3,3,0.016666666666666666
255,candidate_2,candidate_1,candidate_3,3,0.016666666666666666
256,candidate_2,candidate_1,candidate_3,3,0.016666666666666666
257,candidate_2,candidate_1,candidate_3,3,0.016666666666666666
258,candidate_2,candidate_1,candidate_3,3,0.016666666666666666
259,candidate_2,candidate_1,candidate_3,3,0.016666666666666666
260,candidate_2,candidate_1,candidate_3,3,0.016666666666666666
261,candidate_2,candidate_1,candidate_3,3,0.016666666666666666
262,candidate_2,candidate_1,candidate_3,3,0.016666666666666666
263,candidate_2,candidate_1,candidate_3,3,0.016666666666666666
264,candidate_2,candidate_1,candidate_3,3,0.016666666666666666
265,candidate_2,candidate_1,candidate_3,3,0.016666666666666666
266,candidate_2,candidate_1,candidate_3,3,0.016666666666666666
267,candidate_2,candidate_1,candidate_3,3,0.016666666666666666
268,candidate_2,candidate_1,candidate_3,3,0.016666666666666666
269,candidate_2,candidate_1,candidate_3,3,0.016666666666666666
270,candidate_2,candidate_1,candidate_3,3,0.016666666666666666
271,candidate_2,candidate_1,candidate_3,3,0.016666666666666666
272,candidate_2,candidate_1,candidate_3,3,0.016666666666666666
273,candidate_2,candidate_1,candidate_3,3,0.016666666666666666
274,candidate_2,candidate_1,candidate_3,3,0.016666666666666666
275,candidate_2,candidate_1,candidate_3,3,0.016666666666666666
276,candidate_2,candidate_1,candidate_3,3,0.016666666666666666
277,candidate_2,candidate_1,candidate_3,3,0.016666666666666666
278,candidate_2,candidate_1,candidate_3,3,0.016666666666666666
279,candidate_2,candidate_1,candidate_3,3,0.016666666666666666
280,candidate_2,candidate_1,candidate_3,3,0.016666666666666666
281,candidate_2,candidate_1,candidate_3,3,0.016666666666666666
282,candidate_2,candidate_1,candidate_3,3,0.016666666666666666
283,candidate_2,candidate_1,candidate_3,3,0.016666666666666666
284,candidate_2,candidate_1,candidate_3,3,0.016666666666666666
285,candidate_2,candidate_1,candidate_3,3,0.016666666666666666
286,candidate_2,candidate_1,candidate_3,3,0.016666666666666666
287,candidate_2,candidate_1,candidate_3,3,0.016666666666666666
288,candidate_2,candidate_1,candidate_3,3,0.016666666666666666
289,candidate_2,candidate_1,candidate_3,3,0.016666666666666666
290,candidate_2,candidate_1,candidate_3,3,0.016666666666666666
291,candidate_2,candidate_1,candidate_3,3,0.016666666666666666
292,candidate_2,candidate_1,candidate_3,3,0.016666666666666666
293,candidate_2,candidate_1,candidate_3,3,0.016666666666666666
294,candidate_2,candidate_1,candidate_3,3,0.016666666666666666
295,candidate_2,candidate_1,candidate_3,3,0.016666666666666666
296,candidate_2,candidate_1,candidate_3,3,0.016666666666666666
297,candidate_2,candidate_1,candidate_3,3,0.016666666666666666
298,candidate_2,candidate_1,candidate_3,3,0.016666666666666666
299,candidate_2,0,candidate_3,3,0.016666666666666666
300,candidate_2,candidate_1,candidate_3,3,0.016666666666666666
301,candidate_2,candidate_1,candidate_3,3,0.016666666666666666
302,candidate_2,candidate_1,candidate_3,3,0.016666666666666666
303,candidate_2,candidate_1,candidate_3,3,0.016666666666666666
304,candidate_2,candidate_1,candidate_3,3,0.016666666666666666
305,candidate_2,0,candidate_3,3,0.016666666666666666
306,candidate_2,candidate_1,candidate_3,3,0.016666666666666666
307,candidate_2,candidate_1,candidate_3,3,0.016666666666666666
308,candidate_2,candidate_1,candidate_3,3,0.016666666666666666
309,candidate_2,candidate_1,candidate_3,3,0.016666666666666666
310,candidate_2,candidate_1,candidate_3,3,0.016666666666666666
311,candidate_2,candidate_1,candidate_3,3,0.016666666666666666
312,candidate_2,candidate_1,candidate_3,3,0.016666666666666666
313,candidate_2,candidate_1,candidate_3,3,0.016666666666666666
314,candidate_2,candidate_1,candidate_3,3,0.016666666666666666
315,candidate_2,candidate_1,candidate_3,3,0.016666666666666666
316,candidate_2,candidate_1,candidate_3,3,0.016666666666666666
317,candidate_2,candidate_1,candidate_3,3,0.016666666666666666
318,candidate_2,candidate_1,candidate_3,3,0.016666666666666666
319,candidate_2,candidate_1,candidate_3,3,0.016666666666666666
320,candidate_2,candidate_1,candidate_3,3,0.016666666666666666
321,candidate_2,candidate_1,candidate_3,3,0.016666666666666666
322,candidate_2,candidate_1,candidate_3,3,0.016666666666666666
323,candidate_2,candidate_1,candidate_3,3,0.016666666666666666
324,candidate_2,candidate_1,candidate_3,3,0.016666666666666666
325,candidate_2,candidate_1,candidate_3,3,0.016666666666666666
326,candidate_2,candidate_1,candidate_3,3,0.016666666666666666
327,candidate_2,candidate_1,candidate_3,3,0.016666666666666666
328,candidate_2,candidate_1,candidate_3,3,0.016666666666666666
329,candidate_2,candidate_1,candidate_3,3,0.016666666666666666
330,candidate_2,candidate_1,candidate_3,3,0.016666666666666666
331,candidate_2,candidate_1,candidate_3,3,0.016666666666666666
332,candidate_2,candidate_1,candidate_3,3,0.016666666666666666
333,candidate_2,candidate_1,candidate_3,3,0.016666666666666666
334,candidate_2,candidate_1,candidate_3,3,0.016666666666666666
335,candidate_2,candidate_1,candidate_3,3,0.016666666666666666
336,candidate_2,candidate_1,candidate_3,3,0.016666666666666666
337,candidate_2,candidate_1,candidate_3,3,0.016666666666666666
338,candidate_2,candidate_1,candidate_3,3,0.016666666666666666
339,candidate_2,candidate_1,candidate_3,3,0.016666666666666666
340,candidate_2,candidate_1,candidate_3,3,0.016666666666666666
341,candidate_2,candidate_1,candidate_3,3,0.016666666666666666
342,candidate_2,candidate_1,candidate_3,3,0.016666666666666666
343,candidate_2,candidate_1,candidate_3,3,0.016666666666666666
344,candidate_2,candidate_1,candidate_3,3,0.016666666666666666
345,candidate_2,candidate_1,candidate_3,3,0.016666666666666666
346,candidate_2,candidate_1,candidate_3,3,0.016666666666666666
347,candidate_2,candidate_1,candidate_3,3,0.016666666666666666
348,candidate_2,candidate_1,candidate_3,3,0.016666666666666666
349,candidate_2,candidate_1,candidate_3,3,0.016666666666666666
350,candidate_2,candidate_1,candidate_3,3,0.016666666666666666
351,candidate_2,candidate_1,candidate_3,3,0.016666666666666666
352,candidate_2,candidate_1,candidate_3,3,0.016666666666666666
353,candidate_2,candidate_1,candidate_3,3,0.016666666666666666
354,candidate_2,candidate_1,candidate_3,3,0.016666666666666666
355,candidate_2,candidate_1,candidate_3,3,0.016666666666666666
356,candidate_2,candidate_1,candidate_3,3,0.016666666666666666
357,candidate_2,candidate_1,candidate_3,3,0.016666666666666666
358,candidate_2,candidate_1,candidate_3,3,0.016666666666666666
359,0,candidate_1,candidate_3,3,0.016666666666666666
360,candidate_2,candidate_1,candidate_3,3,0.016666666666666666
361,candidate_2,candidate_1,candidate_3,3,0.016666666666666666
362,candidate_2,candidate_1,candidate_3,3,0.016666666666666666
363,candidate_2,candidate_1,candidate_3,3,0.016666666666666666
364,candidate_2,candidate_1,candidate_3,3,0.016666666666666666
365,candidate_2,candidate_1,candidate_3,3,0.016666666666666666
366,candidate_2,candidate_1,candidate_3,3,0.016666666666666666
367,candidate_2,candidate_1,candidate_3,3,0.016666666666666666
368,candidate_2,candidate_1,candidate_3,3,0.016666666666666666
369,candidate_2,candidate_1,candidate_3,3,0.016666666666666666
370,candidate_2,candidate_1,candidate_3,3,0.016666666666666666
371,candidate_2,candidate_1,candidate_3,3,0.016666666666666666
372,candidate_2,candidate_1,candidate_3,3,0.016666666666666666
373,candidate_2,candidate_1,candidate_3,3,0.016666666666666666
374,candidate_2,candidate_1,0,3,0.016666666666666666
375,candidate_2,candidate_1,candidate_3,3,0.016666666666666666
376,candidate_2,candidate_1,candidate_3,3,0.016666666666666666
377,candidate_2,candidate_1,candidate_3,3,0.016666666666666666
378,candidate_2,candidate_1,candidate_3,3,0.016666666666666666
379,candidate_2,candidate_1,candidate_3,3,0.016666666666666666
380,candidate_2,candidate_1,candidate_3,3,0.016666666666666666
381,candidate_2,candidate_1,candidate_3,3,0.016666666666666666
382,candidate_2,candidate_1,candidate_3,3,0.016666666666666666
383,candidate_2,candidate_1,candidate_3,3,0.016666666666666666
384,candidate_2,candidate_1,candidate_3,3,0.016666666666666666
385,0,candidate_3,candidate_1,3,0.016666666666666666
386,candidate_2,candidate_3,candidate_1,3,0.016666666666666666
387,candidate_2,candidate_3,candidate_1,3,0.016666666666666666
388,candidate_2,candidate_3,candidate_1,3,0.016666666666666666
389,candidate_2,candidate_3,candidate_1,3,0.016666666666666666
390,candidate_2,candidate_3,candidate_1,3,0.016666666666666666
391,candidate_2,candidate_3,candidate_1,3,0.016666666666666666
392,candidate_2,candidate_3,candidate_1,3,0.016666666666666666
393,candidate_2,candidate_3,candidate_1,3,0.016666666666666666
394,candidate_2,candidate_3,candidate_1,3,0.016666666666666666
395,candidate_2,candidate_3,candidate_1,3,0.016666666666666666
396,candidate_2,candidate_3,candidate_1,3,0.016666666666666666
397,candidate_2,candidate_3,candidate_1,3,0.016666666666666666
398,candidate_2,candidate_3,candidate_1,3,0.016666666666666666
399,candidate_2,candidate_3,candidate_1,3,0.016666666666666666
400,candidate_2,candidate_3,candidate_1,3,0.016666666666666666
401,candidate_2,candidate_3,candidate_1,3,0.016666666666666666
402,candidate_2,candidate_3,candidate_1,3,0.016666666666666666
403,candidate_2,candidate_3,candidate_1,3,0.016666666666666666
404,candidate_2,candidate_3,candidate_1,3,0.016666666666666666
405,candidate_2,candidate_3,candidate_1,3,0.016666666666666666
406,candidate_2,candidate_3,candidate_1,3,0.016666666666666666
407,candidate_2,candidate_3,candidate_1,3,0.016666666666666666
408,candidate_2,candidate_3,candidate_1,3,0.016666666666666666
409,candidate_2,candidate_3,candidate_1,3,0.016666666666666666
410,candidate_2,0,candidate_1,3,0.016666666666666666
411,candidate_2,candidate_3,candidate_1,3,0.016666666666666666
412,candidate_2,candidate_3,candidate_1,3,0.016666666666666666
413,candidate_2,candidate_3,candidate_1,3,0.016666666666666666
414,candidate_2,candidate_3,candidate_1,3,0.016666666666666666
415,candidate_2,candidate_3,candidate_1,3,0.016666666666666666
416,candidate_2,candidate_3,candidate_1,3,0.016666666666666666
417,candidate_2,candidate_3,candidate_1,3,0.016666666666666666
418,candidate_2,candidate_3,candidate_1,3,0.016666666666666666
419,candidate_2,candidate_3,candidate_1,3,0.016666666666666666
420,candidate_2,candidate_3,candidate_1,3,0.016666666666666666
421,candidate_2,candidate_3,candidate_1,3,0.016666666666666666
422,candidate_2,candidate_3,candidate_1,3,0.016666666666666666
423,candidate_2,candidate_3,0,3,0.016666666666666666
424,candidate_2,candidate_3,candidate_1,3,0.016666666666666666
425,candidate_2,candidate_3,candidate_1,3,0.016666666666666666
426,candidate_2,candidate_3,candidate_1,3,0.016666666666666666
427,candidate_2,candidate_3,candidate_1,3,0.016666666666666666
428,candidate_2,candidate_3,candidate_1,3,0.016666666666666666
429,candidate_2,0,candidate_1,3,0.016666666666666666
430,candidate_2,candidate_3,candidate_1,3,0.016666666666666666
431,candidate_2,candidate_3,candidate_1,3,0.016666666666666666
432,candidate_2,candidate_3,candidate_1,3,0.016666666666666666
433,candidate_2,candidate_3,candidate_1,3,0.016666666666666666
434,candidate_2,candidate_3,candidate_1,3,0.016666666666666666
435,candidate_2,candidate_3,candidate_1,3,0.016666666666666666
436,candidate_2,candidate_3,candidate_1,3,0.016666666666666666
437,candidate_2,candidate_3,candidate_1,3,0.016666666666666666
438,candidate_2,candidate_3,candidate_1,3,0.016666666666666666
439,candidate_2,candidate_3,candidate_1,3,0.016666666666666666
440,candidate_2,candidate_3,candidate_1,3,0.016666666666666666
441,candidate_2,candidate_3,candidate_1,3,0.016666666666666666
442,candidate_2,candidate_3,candidate_1,3,0.016666666666666666
443,candidate_2,candidate_3,candidate_1,3,0.016666666666666666
444,candidate_2,candidate_3,candidate_1,3,0.016666666666666666
445,0,candidate_3,candidate_1,3,0.016666666666666666
446,candidate_2,candidate_3,candidate_1,3,0.016666666666666666
447,candidate_2,candidate_3,candidate_1,3,0.016666666666666666
448,candidate_2,candidate_3,candidate_1,3,0.016666666666666666
449,candidate_2,candidate_3,candidate_1,3,0.016666666666666666
450,candidate_2,candidate_3,candidate_1,3,0.016666666666666666
451,candidate_2,candidate_3,candidate_1,3,0.016666666666666666
452,candidate_2,candidate_3,candidate_1,3,0.016666666666666666
453,candidate_2,candidate_3,candidate_1,3,0.016666666666666666
454,candidate_2,candidate_3,candidate_1,3,0.016666666666666666
455,candidate_2,candidate_3,candidate_1,3,0.016666666666666666
456,0,candidate_3,candidate_1,3,0.016666666666666666
457,candidate_2,candidate_3,candidate_1,3,0.016666666666666666
458,candidate_2,candidate_3,candidate_1,3,0.016666666666666666
459,candidate_2,candidate_3,candidate_1,3,0.016666666666666666
460,candidate_2,candidate_3,candidate_1,3,0.016666666666666666
461,candidate_2,candidate_3,candidate_1,3,0.016666666666666666
462,candidate_2,candidate_3,candidate_1,3,0.016666666666666666
463,candidate_2,candidate_3,candidate_1,3,0.016666666666666666
464,candidate_2,candidate_3,candidate_1,3,0.016666666666666666
465,0,candidate_3,candidate_1,3,0.016666666666666666
466,candidate_2,candidate_3,candidate_1,3,0.016666666666666666
467,candidate_2,candidate_3,candidate_1,3,0.016666666666666666
468,candidate_2,candidate_3,candidate_1,3,0.016666666666666666
469,candidate_2,candidate_3,candidate_1,3,0.016666666666666666
470,candidate_2,candidate_3,candidate_1,3,0.016666666666666666
471,candidate_2,candidate_3,candidate_1,3,0.016666666666666666
472,candidate_2,candidate_3,candidate_1,3,0.016666666666666666
473,candidate_2,candidate_3,candidate_1,3,0.016666666666666666
474,candidate_2,candidate_3,candidate_1,3,0.016666666666666666
475,candidate_2,candidate_3,candidate_1,3,0.016666666666666666
476,candidate_2,candidate_3,candidate_1,3,0.016666666666666666
477,candidate_2,candidate_3,candidate_1,3,0.016666666666666666
478,candidate_2,candidate_3,candidate_1,3,0.016666666666666666
479,candidate_2,candidate_3,candidate_1,3,0.016666666666666666
480,candidate_2,candidate_3,candidate_1,3,0.016666666666666666
481,candidate_2,candidate_3,candidate_1,3,0.016666666666666666
482,candidate_2,candidate_3,candidate_1,3,0.016666666666666666
483,candidate_2,candidate_3,candidate_1,3,0.016666666666666666
484,candidate_2,candidate_3,candidate_1,3,0.016666666666666666
485,candidate_2,0,candidate_1,3,0.016666666666666666
486,candidate_2,candidate_3,candidate_1,3,0.016666666666666666
487,candidate_2,candidate_3,candidate_1,3,0.016666666666666666
488,candidate_2,candidate_3,candidate_1,3,0.016666666666666666
489,candidate_2,candidate_3,candidate_1,3,0.016666666666666666
490,candidate_2,candidate_3,candidate_1,3,0.016666666666666666
491,candidate_2,candidate_3,candidate_1,3,0.016666666666666666
492,candidate_2,candidate_3,candidate_1,3,0.016666666666666666
493,candidate_2,candidate_3,candidate_1,3,0.016666666666666666
494,candidate_2,candidate_3,candidate_1,3,0.016666666666666666
495,candidate_2,candidate_3,candidate_1,3,0.016666666666666666
496,candidate_2,candidate_3,candidate_1,3,0.016666666666666666
497,candidate_2,candidate_3,candidate_1,3,0.016666666666666666
498,candidate_2,candidate_3,candidate_1,3,0.016666666666666666
499,candidate_2,candidate_3,candidate_1,3,0.016666666666666666
500,candidate_2,candidate_3,candidate_1,3,0.016666666666666666
501,candidate_2,candidate_3,candidate_1,3,0.016666666666666666
502,candidate_2,candidate_3,candidate_1,3,0.016666666666666666
503,candidate_2,candidate_3,candidate_1,3,0.016666666666666666
504,candidate_3,candidate_1,candidate_2,3,0.016666666666666666
505,candidate_3,candidate_1,candidate_2,3,0.016666666666666666
506,candidate_3,candidate_1,candidate_2,3,0.016666666666666666
507,candidate_3,candidate_1,candidate_2,3,0.016666666666666666
508,candidate_3,candidate_1,candidate_2,3,0.016666666666666666
509,candidate_3,candidate_1,candidate_2,3,0.016666666666666666
510,candidate_3,candidate_1,candidate_2,3,0.016666666666666666
511,candidate_3,candidate_1,candidate_2,3,0.016666666666666666
512,candidate_3,candidate_1,candidate_2,3,0.016666666666666666
513,candidate_3,candidate_1,candidate_2,3,0.016666666666666666
514,candidate_3,candidate_1,candidate_2,3,0.016666666666666666
515,candidate_3,candidate_1,candidate_2,3,0.016666666666666666
516,candidate_3,candidate_1,candidate_2,3,0.016666666666666666
517,candidate_3,candidate_1,candidate_2,3,0.016666666666666666
518,candidate_3,candidate_1,candidate_2,3,0.016666666666666666
519,candidate_3,candidate_1,candidate_2,3,0.016666666666666666
520,candidate_3,candidate_1,candidate_2,3,0.016666666666666666
521,candidate_3,candidate_1,candidate_2,3,0.016666666666666666
522,candidate_3,candidate_1,candidate_2,3,0.016666666666666666
523,candidate_3,candidate_1,candidate_2,3,0.016666666666666666
524,0,candidate_1,candidate_2,3,0.016666666666666666
525,candidate_3,candidate_1,candidate_2,3,0.016666666666666666
526,candidate_3,candidate_1,candidate_2,3,0.016666666666666666
527,candidate_3,candidate_1,candidate_2,3,0.016666666666666666
528,0,candidate_1,candidate_2,3,0.016666666666666666
529,candidate_3,candidate_1,candidate_2,3,0.016666666666666666
530,candidate_3,candidate_1,candidate_2,3,0.016666666666666666
531,candidate_3,candidate_1,candidate_2,3,0.016666666666666666
532,candidate_3,candidate_1,candidate_2,3,0.016666666666666666
533,candidate_3,candidate_1,candidate_2,3,0.016666666666666666
534,candidate_3,candidate_1,candidate_2,3,0.016666666666666666
535,candidate_3,candidate_1,candidate_2,3,0.016666666666666666
536,candidate_3,candidate_1,candidate_2,3,0.016666666666666666
537,candidate_3,candidate_1,candidate_2,3,0.016666666666666666
538,candidate_3,candidate_1,candidate_2,3,0.016666666666666666
539,candidate_3,candidate_1,candidate_2,3,0.016666666666666666
540,candidate_3,candidate_1,candidate_2,3,0.016666666666666666
541,candidate_3,candidate_1,candidate_2,3,0.016666666666666666
542,candidate_3,candidate_1,candidate_2,3,0.016666666666666666
543,candidate_3,candidate_1,candidate_2,3,0.016666666666666666
544,candidate_3,candidate_1,candidate_2,3,0.016666666666666666
545,candidate_3,candidate_1,candidate_2,3,0.016666666666666666
546,candidate_3,candidate_1,candidate_2,3,0.016666666666666666
547,candidate_3,candidate_1,candidate_2,3,0.016666666666666666
548,candidate_3,candidate_1,candidate_2,3,0.016666666666666666
549,candidate_3,candidate_1,candidate_2,3,0.016666666666666666
550,candidate_3,candidate_1,candidate_2,3,0.016666666666666666
551,candidate_3,candidate_1,candidate_2,3,0.016666666666666666
552,candidate_3,candidate_1,candidate_2,3,0.016666666666666666
553,candidate_3,candidate_1,candidate_2,3,0.016666666666666666
554,candidate_3,candidate_1,candidate_2,3,0.016666666666666666
555,candidate_3,candidate_1,candidate_2,3,0.016666666666666666
556,candidate_3,candidate_1,candidate_2,3,0.016666666666666666
557,candidate_3,candidate_1,candidate_2,3,0.016666666666666666
558,candidate_3,candidate_1,candidate_2,3,0.016666666666666666
559,candidate_3,candidate_1,candidate_2,3,0.016666666666666666
560,candidate_3,candidate_1,candidate_2,3,0.016666666666666666
561,candidate_3,candidate_1,candidate_2,3,0.016666666666666666
562,candidate_3,candidate_1,candidate_2,3,0.016666666666666666
563,candidate_3,candidate_1,candidate_2,3,0.016666666666666666
564,candidate_3,candidate_1,candidate_2,3,0.016666666666666666
565,candidate_3,candidate_1,candidate_2,3,0.016666666666666666
566,candidate_3,candidate_1,candidate_2,3,0.016666666666666666
567,candidate_3,candidate_1,candidate_2,3,0.016666666666666666
568,candidate_3,candidate_1,candidate_2,3,0.016666666666666666
569,candidate_3,candidate_1,candidate_2,3,0.016666666666666666
570,candidate_3,candidate_1,candidate_2,3,0.016666666666666666
571,candidate_3,candidate_1,candidate_2,3,0.016666666666666666
572,candidate_3,candidate_1,candidate_2,3,0.016666666666666666
573,candidate_3,candidate_1,candidate_2,3,0.016666666666666666
574,candidate_3,candidate_1,candidate_2,3,0.016666666666666666
575,candidate_3,candidate_1,candidate_2,3,0.016666666666666666
576,candidate_3,candidate_1,candidate_2,3,0.016666666666666666
577,candidate_3,candidate_1,candidate_2,3,0.016666666666666666
578,candidate_3,candidate_1,candidate_2,3,0.016666666666666666
579,candidate_3,candidate_1,candidate_2,3,0.016666666666666666
580,candidate_3,candidate_1,candidate_2,3,0.016666666666666666
581,candidate_3,candidate_1,candidate_2,3,0.016666666666666666
582,candidate_3,candidate_1,candidate_2,3,0.016666666666666666
583,candidate_3,candidate_1,candidate_2,3,0.016666666666666666
584,candidate_3,candidate_1,candidate_2,3,0.016666666666666666
585,candidate_3,candidate_1,candidate_2,3,0.016666666666666666
586,candidate_3,candidate_1,candidate_2,3,0.016666666666666666
587,candidate_3,candidate_1,candidate_2,3,0.016666666666666666
588,candidate_3,candidate_1,candidate_2,3,0.016666666666666666
589,candidate_3,candidate_1,candidate_2,3,0.016666666666666666
590,candidate_3,candidate_1,candidate_2,3,0.016666666666666666
591,candidate_3,candidate_1,candidate_2,3,0.016666666666666666
592,candidate_3,candidate_1,candidate_2,3,0.016666666666666666
593,candidate_3,candidate_1,candidate_2,3,0.016666666666666666
594,candidate_3,candidate_1,candidate_2,3,0.016666666666666666
595,candidate_3,candidate_1,candidate_2,3,0.016666666666666666
596,candidate_3,candidate_1,candidate_2,3,0.016666666666666666
597,0,candidate_1,candidate_2,3,0.016666666666666666
598,candidate_3,candidate_1,candidate_2,3,0.016666666666666666
599,candidate_3,candidate_1,candidate_2,3,0.016666666666666666
600,candidate_3,candidate_1,candidate_2,3,0.016666666666666666
601,candidate_3,candidate_1,candidate_2,3,0.016666666666666666
602,candidate_3,candidate_1,candidate_2,3,0.016666666666666666
603,candidate_3,candidate_1,candidate_2,3,0.016666666666666666
604,candidate_3,candidate_1,candidate_2,3,0.016666666666666666
605,candidate_3,candidate_1,candidate_2,3,0.016666666666666666
606,candidate_3,candidate_1,candidate_2,3,0.016666666666666666
607,candidate_3,candidate_1,candidate_2,3,0.016666666666666666
608,candidate_3,candidate_1,candidate_2,3,0.016666666666666666
609,candidate_3,candidate_1,candidate_2,3,0.016666666666666666
610,candidate_3,candidate_1,candidate_2,3,0.016666666666666666
611,candidate_3,candidate_1,candidate_2,3,0.016666666666666666
612,candidate_3,candidate_1,candidate_2,3,0.016666666666666666
613,0,candidate_1,candidate_2,3,0.016666666666666666
614,candidate_3,candidate_1,candidate_2,3,0.016666666666666666
615,candidate_3,candidate_1,candidate_2,3,0.016666666666666666
616,candidate_3,candidate_1,candidate_2,3,0.016666666666666666
617,candidate_3,candidate_1,candidate_2,3,0.016666666666666666
618,candidate_3,candidate_1,candidate_2,3,0.016666666666666666
619,candidate_3,candidate_1,candidate_2,3,0.016666666666666666
620,candidate_3,candidate_1,candidate_2,3,0.016666666666666666
621,candidate_3,candidate_1,candidate_2,3,0.016666666666666666
622,candidate_3,candidate_1,candidate_2,3,0.016666666666666666
623,candidate_3,candidate_1,candidate_2,3,0.016666666666666666
624,candidate_3,candidate_1,candidate_2,3,0.016666666666666666
625,candidate_3,candidate_1,candidate_2,3,0.016666666666666666
626,candidate_3,candidate_1,candidate_2,3,0.016666666666666666
627,candidate_3,candidate_1,candidate_2,3,0.016666666666666666
628,candidate_3,candidate_1,candidate_2,3,0.016666666666666666
629,candidate_3,candidate_1,candidate_2,3,0.016666666666666666
630,candidate_3,candidate_1,candidate_2,3,0.016666666666666666
631,candidate_3,candidate_1,candidate_2,3,0.016666666666666666
632,candidate_3,candidate_1,candidate_2,3,0.016666666666666666
633,candidate_3,candidate_1,candidate_2,3,0.016666666666666666
634,candidate_3,candidate_1,candidate_2,3,0.016666666666666666
635,candidate_3,candidate_1,candidate_2,3,0.016666666666666666
636,candidate_3,candidate_1,candidate_2,3,0.016666666666666666
637,candidate_3,candidate_1,candidate_2,3,0.016666666666666666
638,candidate_3,candidate_1,candidate_2,3,0.016666666666666666
639,candidate_3,candidate_1,candidate_2,3,0.016666666666666666
640,candidate_3,candidate_1,candidate_2,3,0.016666666666666666
641,candidate_3,candidate_1,candidate_2,3,0.016666666666666666
642,candidate_3,candidate_1,candidate_2,3,0.016666666666666666
643,candidate_3,candidate_1,candidate_2,3,0.016666666666666666
644,candidate_3,candidate_1,candidate_2,3,0.016666666666666666
645,candidate_3,candidate_1,candidate_2,3,0.016666666666666666
646,candidate_3,candidate_1,candidate_2,3,0.016666666666666666
647,candidate_3,candidate_1,candidate_2,3,0.016666666666666666
648,candidate_3,candidate_1,candidate_2,3,0.016666666666666666
649,candidate_3,candidate_1,candidate_2,3,0.016666666666666666
650,candidate_3,candidate_1,candidate_2,3,0.016666666666666666
651,candidate_3,candidate_1,candidate_2,3,0.016666666666666666
652,candidate_3,candidate_1,candidate_2,3,0.016666666666666666
653,candidate_3,candidate_1,candidate_2,3,0.016666666666666666
654,candidate_3,candidate_1,candidate_2,3,0.016666666666666666
655,candidate_3,candidate_1,candidate_2,3,0.016666666666666666
656,candidate_3,candidate_1,candidate_2,3,0.016666666666666666
657,candidate_3,candidate_1,candidate_2,3,0.016666666666666666
658,candidate_3,candidate_1,candidate_2,3,0.016666666666666666
659,candidate_3,candidate_1,candidate_2,3,0.016666666666666666
660,candidate_3,candidate_1,candidate_2,3,0.016666666666666666
661,candidate_3,candidate_1,candidate_2,3,0.016666666666666666
662,candidate_3,candidate_1,candidate_2,3,0.016666666666666666
663,candidate_3,candidate_1,candidate_2,3,0.016666666666666666
664,candidate_3,candidate_1,candidate_2,3,0.016666666666666666
665,candidate_3,candidate_1,0,3,0.016666666666666666
666,candidate_3,candidate_1,candidate_2,3,0.016666666666666666
667,candidate_3,candidate_1,candidate_2,3,0.016666666666666666
668,candidate_3,candidate_1,candidate_2,3,0.016666666666666666
669,candidate_3,candidate_1,candidate_2,3,0.016666666666666666
670,candidate_3,candidate_1,candidate_2,3,0.016666666666666666
671,candidate_3,candidate_1,candidate_2,3,0.016666666666666666
672,candidate_3,candidate_1,candidate_2,3,0.016666666666666666
673,candidate_3,candidate_1,candidate_2,3,0.016666666666666666
674,candidate_3,candidate_1,candidate_2,3,0.016666666666666666
675,candidate_3,candidate_1,candidate_2,3,0.016666666666666666
676,candidate_3,candidate_1,candidate_2,3,0.016666666666666666
677,candidate_3,candidate_1,candidate_2,3,0.016666666666666666
678,candidate_3,candidate_1,candidate_2,3,0.016666666666666666
679,candidate_3,candidate_1,candidate_2,3,0.016666666666666666
680,candidate_3,candidate_1,candidate_2,3,0.016666666666666666
681,candidate_3,0,candidate_2,3,0.016666666666666666
682,candidate_3,candidate_1,candidate_2,3,0.016666666666666666
683,candidate_3,candidate_1,candidate_2,3,0.016666666666666666
684,candidate_3,candidate_1,candidate_2,3,0.016666666666666666
685,candidate_3,candidate_1,candidate_2,3,0.016666666666666666
686,candidate_3,candidate_1,candidate_2,3,0.016666666666666666
687,candidate_3,candidate_1,candidate_2,3,0.016666666666666666
688,candidate_3,candidate_1,candidate_2,3,0.016666666666666666
689,candidate_3,candidate_1,candidate_2,3,0.016666666666666666
690,candidate_3,candidate_1,candidate_2,3,0.016666666666666666
691,candidate_3,candidate_1,candidate_2,3,0.016666666666666666
692,candidate_3,candidate_1,candidate_2,3,0.016666666666666666
693,candidate_3,candidate_1,candidate_2,3,0.016666666666666666
694,candidate_3,candidate_1,candidate_2,3,0.016666666666666666
695,candidate_3,candidate_1,candidate_2,3,0.016666666666666666
696,candidate_3,candidate_1,candidate_2,3,0.016666666666666666
697,candidate_3,candidate_1,candidate_2,3,0.016666666666666666
698,candidate_3,candidate_1,candidate_2,3,0.016666666666666666
699,candidate_3,candidate_1,candidate_2,3,0.016666666666666666
700,candidate_3,candidate_1,candidate_2,3,0.016666666666666666
701,candidate_3,candidate_1,candidate_2,3,0.016666666666666666
702,candidate_3,candidate_1,0,3,0.016666666666666666
703,candidate_3,candidate_1,candidate_2,3,0.016666666666666666
704,candidate_3,candidate_1,candidate_2,3,0.016666666666666666
705,candidate_3,candidate_1,candidate_2,3,0.016666666666666666
706,candidate_3,candidate_1,candidate_2,3,0.016666666666666666
707,candidate_3,candidate_1,candidate_2,3,0.016666666666666666
708,candidate_3,candidate_1,candidate_2,3,0.016666666666666666
709,candidate_3,candidate_1,candidate_2,3,0.016666666666666666
710,candidate_3,candidate_1,candidate_2,3,0.016666666666666666
711,candidate_3,candidate_1,candidate_2,3,0.016666666666666666
712,candidate_3,candidate_1,candidate_2,3,0.016666666666666666
713,candidate_3,candidate_1,candidate_2,3,0.016666666666666666
714,candidate_3,candidate_1,candidate_2,3,0.016666666666666666
715,candidate_3,candidate_1,candidate_2,3,0.016666666666666666
716,candidate_3,candidate_1,candidate_2,3,0.016666666666666666
717,candidate_3,candidate_1,candidate_2,3,0.016666666666666666
718,candidate_3,candidate_1,candidate_2,3,0.016666666666666666
719,candidate_3,candidate_1,candidate_2,3,0.016666666666666666
720,candidate_3,candidate_1,candidate_2,3,0.016666666666666666
721,candidate_3,candidate_1,candidate_2,3,0.016666666666666666
722,candidate_3,candidate_1,candidate_2,3,0.016666666666666666
723,candidate_3,candidate_1,candidate_2,3,0.016666666666666666
724,candidate_3,candidate_1,candidate_2,3,0.016666666666666666
725,candidate_3,candidate_1,candidate_2,3,0.016666666666666666
726,candidate_3,candidate_1,candidate_2,3,0.016666666666666666
727,candidate_3,candidate_1,candidate_2,3,0.016666666666666666
728,candidate_3,candidate_1,candidate_2,3,0.016666666666666666
729,candidate_3,candidate_1,candidate_2,3,0.016666666666666666
730,candidate_3,candidate_1,candidate_2,3,0.016666666666666666
731,candidate_3,candidate_1,candidate_2,3,0.016666666666666666
732,candidate_3,candidate_1,candidate_2,3,0.016666666666666666
733,candidate_3,candidate_1,candidate_2,3,0.016666666666666666
734,candidate_3,0,candidate_2,3,0.016666666666666666
735,candidate_3,candidate_1,candidate_2,3,0.016666666666666666
736,candidate_3,candidate_1,candidate_2,3,0.016666666666666666
737,candidate_3,0,candidate_2,3,0.016666666666666666
738,candidate_3,candidate_1,candidate_2,3,0.016666666666666666
739,candidate_3,candidate_1,candidate_2,3,0.016666666666666666
740,candidate_3,candidate_1,candidate_2,3,0.016666666666666666
741,candidate_3,candidate_1,candidate_2,3,0.016666666666666666
742,candidate_3,candidate_1,candidate_2,3,0.016666666666666666
743,candidate_3,candidate_1,candidate_2,3,0.016666666666666666
744,candidate_3,candidate_1,candidate_2,3,0.016666666666666666
745,candidate_3,candidate_1,candidate_2,3,0.016666666666666666
746,candidate_3,candidate_1,candidate_2,3,0.016666666666666666
747,candidate_3,candidate_1,candidate_2,3,0.016666666666666666
748,candidate_3,candidate_1,candidate_2,3,0.016666666666666666
749,candidate_3,candidate_1,candidate_2,3,0.016666666666666666
750,candidate_3,candidate_1,candidate_2,3,0.016666666666666666
751,candidate_3,candidate_1,candidate_2,3,0.016666666666666666
752,candidate_3,candidate_1,candidate_2,3,0.016666666666666666
753,candidate_3,candidate_1,candidate_2,3,0.016666666666666666
754,candidate_3,candidate_1,candidate_2,3,0.016666666666666666
755,candidate_3,candidate_1,candidate_2,3,0.016666666666666666
756,candidate_3,candidate_1,candidate_2,3,0.016666666666666666
757,candidate_3,candidate_1,0,3,0.016666666666666666
758,candidate_3,candidate_1,0,3,0.016666666666666666
759,candidate_3,candidate_1,candidate_2,3,0.016666666666666666
760,candidate_3,0,candidate_2,3,0.016666666666666666
761,candidate_3,candidate_1,candidate_2,3,0.016666666666666666
762,candidate_3,candidate_1,candidate_2,3,0.016666666666666666
763,candidate_3,candidate_1,candidate_2,3,0.016666666666666666
764,candidate_3,candidate_1,candidate_2,3,0.016666666666666666
765,candidate_3,candidate_1,candidate_2,3,0.016666666666666666
766,candidate_3,candidate_1,candidate_2,3,0.016666666666666666
767,candidate_3,candidate_1,candidate_2,3,0.016666666666666666
768,candidate_3,candidate_1,candidate_2,3,0.016666666666666666
769,candidate_3,candidate_1,candidate_2,3,0.016666666666666666
770,candidate_3,candidate_1,candidate_2,3,0.016666666666666666
771,candidate_3,candidate_1,candidate_2,3,0.016666666666666666
772,candidate_3,candidate_1,candidate_2,3,0.016666666666666666
773,candidate_3,candidate_1,candidate_2,3,0.016666666666666666
774,candidate_3,candidate_1,candidate_2,3,0.016666666666666666
775,candidate_3,candidate_1,candidate_2,3,0.016666666666666666
776,candidate_3,candidate_1,candidate_2,3,0.016666666666666666
777,candidate_3,candidate_1,candidate_2,3,0.016666666666666666
778,candidate_3,candidate_1,candidate_2,3,0.016666666666666666
779,candidate_3,candidate_1,candidate_2,3,0.016666666666666666
780,candidate_3,candidate_1,candidate_2,3,0.016666666666666666
781,candidate_3,candidate_1,candidate_2,3,0.016666666666666666
782,candidate_3,candidate_1,candidate_2,3,0.016666666666666666
783,candidate_3,candidate_1,candidate_2,3,0.016666666666666666
784,candidate_3,0,candidate_2,3,0.016666666666666666
785,candidate_3,candidate_1,candidate_2,3,0.016666666666666666
786,candidate_3,candidate_1,candidate_2,3,0.016666666666666666
787,candidate_3,candidate_1,candidate_2,3,0.016666666666666666
788,candidate_3,candidate_1,candidate_2,3,0.016666666666666666
789,candidate_3,candidate_1,candidate_2,3,0.016666666666666666
790,candidate_3,candidate_1,candidate_2,3,0.016666666666666666
791,candidate_3,candidate_1,candidate_2,3,0.016666666666666666
792,candidate_3,candidate_1,candidate_2,3,0.016666666666666666
793,candidate_3,candidate_1,candidate_2,3,0.016666666666666666
794,candidate_3,candidate_1,candidate_2,3,0.016666666666666666
795,0,candidate_1,candidate_2,3,0.016666666666666666
796,candidate_3,candidate_1,candidate_2,3,0.016666666666666666
797,candidate_3,candidate_1,candidate_2,3,0.016666666666666666
798,candidate_3,candidate_1,candidate_2,3,0.016666666666666666
799,candidate_3,candidate_1,candidate_2,3,0.016666666666666666
800,candidate_3,candidate_1,candidate_2,3,0.016666666666666666
801,candidate_3,candidate_1,candidate_2,3,0.016666666666666666
802,candidate_3,candidate_1,candidate_2,3,0.016666666666666666
803,candidate_3,candidate_1,candidate_2,3,0.016666666666666666
804,candidate_3,candidate_1,candidate_2,3,0.016666666666666666
805,candidate_3,candidate_1,candidate_2,3,0.016666666666666666
806,candidate_3,candidate_1,candidate_2,3,0.016666666666666666
807,candidate_3,candidate_1,candidate_2,3,0.016666666666666666
808,candidate_3,candidate_1,candidate_2,3,0.016666666666666666
809,candidate_3,candidate_1,candidate_2,3,0.016666666666666666
810,candidate_3,candidate_1,candidate_2,3,0.016666666666666666
811,candidate_3,candidate_1,candidate_2,3,0.016666666666666666
812,candidate_3,candidate_1,0,3,0.016666666666666666
813,candidate_3,candidate_1,candidate_2,3,0.016666666666666666
814,0,candidate_1,candidate_2,3,0.016666666666666666
815,candidate_3,candidate_1,candidate_2,3,0.016666666666666666
816,0,candidate_1,candidate_2,3,0.016666666666666666
817,candidate_3,candidate_1,candidate_2,3,0.016666666666666666
818,candidate_3,candidate_1,candidate_2,3,0.016666666666666666
819,candidate_3,candidate_1,candidate_2,3,0.016666666666666666
820,candidate_3,candidate_1,candidate_2,3,0.016666666666666666
821,candidate_3,candidate_1,candidate_2,3,0.016666666666666666
822,candidate_3,candidate_1,candidate_2,3,0.016666666666666666
823,candidate_3,candidate_1,candidate_2,3,0.016666666666666666
824,candidate_3,candidate_1,candidate_2,3,0.016666666666666666
825,candidate_3,candidate_1,candidate_2,3,0.016666666666666666
826,candidate_3,candidate_1,candidate_2,3,0.016666666666666666
827,candidate_3,candidate_1,candidate_2,3,0.016666666666666666
828,candidate_3,candidate_1,candidate_2,3,0.016666666666666666
829,candidate_3,candidate_1,candidate_2,3,0.016666666666666666
830,candidate_3,candidate_1,candidate_2,3,0.016666666666666666
831,candidate_3,candidate_1,candidate_2,3,0.016666666666666666
832,candidate_3,candidate_1,0,3,0.016666666666666666
833,candidate_3,candidate_1,candidate_2,3,0.016666666666666666
834,candidate_3,candidate_1,candidate_2,3,0.016666666666666666
835,candidate_3,candidate_1,candidate_2,3,0.016666666666666666
836,candidate_3,candidate_1,candidate_2,3,0.016666666666666666
837,candidate_3,candidate_1,candidate_2,3,0.016666666666666666
838,candidate_3,candidate_1,candidate_2,3,0.016666666666666666
839,0,candidate_1,candidate_2,3,0.016666666666666666
840,candidate_3,candidate_1,candidate_2,3,0.016666666666666666
841,candidate_3,candidate_1,candidate_2,3,0.016666666666666666
842,candidate_3,candidate_1,candidate_2,3,0.016666666666666666
843,candidate_3,candidate_1,candidate_2,3,0.016666666666666666
844,candidate_3,candidate_1,candidate_2,3,0.016666666666666666
845,candidate_3,candidate_1,candidate_2,3,0.016666666666666666
846,candidate_3,candidate_1,candidate_2,3,0.016666666666666666
847,0,candidate_1,candidate_2,3,0.016666666666666666
848,candidate_3,candidate_1,candidate_2,3,0.016666666666666666
849,candidate_3,candidate_1,candidate_2,3,0.016666666666666666
850,candidate_3,candidate_1,candidate_2,3,0.016666666666666666
851,0,candidate_1,candidate_2,3,0.016666666666666666
852,candidate_3,candidate_1,candidate_2,3,0.016666666666666666
853,candidate_3,candidate_1,candidate_2,3,0.016666666666666666
854,candidate_3,candidate_1,candidate_2,3,0.016666666666666666
855,candidate_3,candidate_1,candidate_2,3,0.016666666666666666
856,candidate_3,candidate_1,candidate_2,3,0.016666666666666666
857,candidate_3,candidate_1,candidate_2,3,0.016666666666666666
858,candidate_3,candidate_1,candidate_2,3,0.016666666666666666
859,candidate_3,candidate_1,candidate_2,3,0.016666666666666666
860,candidate_3,candidate_1,candidate_2,3,0.016666666666666666
861,candidate_3,candidate_1,candidate_2,3,0.016666666666666666
862,candidate_3,candidate_1,candidate_2,3,0.016666666666666666
863,candidate_3,candidate_1,candidate_2,3,0.016666666666666666
864,candidate_3,candidate_1,candidate_2,3,0.016666666666666666
865,candidate_3,candidate_1,candidate_2,3,0.016666666666666666
866,candidate_3,candidate_1,candidate_2,3,0.016666666666666666
867,candidate_3,candidate_1,candidate_2,3,0.016666666666666666
868,candidate_3,candidate_1,candidate_2,3,0.016666666666666666
869,candidate_3,candidate_1,candidate_2,3,0.016666666666666666
870,candidate_3,candidate_1,candidate_2,3,0.016666666666666666
871,candidate_3,candidate_1,candidate_2,3,0.016666666666666666
872,candidate_3,candidate_1,candidate_2,3,0.016666666666666666
873,candidate_3,candidate_2,candidate_1,3,0.016666666666666666
874,candidate_3,candidate_2,candidate_1,3,0.016666666666666666
875,candidate_3,candidate_2,candidate_1,3,0.016666666666666666
876,candidate_3,candidate_2,candidate_1,3,0.016666666666666666
877,0,candidate_2,candidate_1,3,0.016666666666666666
878,candidate_3,candidate_2,candidate_1,3,0.016666666666666666
879,candidate_3,candidate_2,candidate_1,3,0.016666666666666666
880,candidate_3,candidate_2,candidate_1,3,0.016666666666666666
881,candidate_3,candidate_2,0,3,0.016666666666666666
882,candidate_3,candidate_2,candidate_1,3,0.016666666666666666
883,candidate_3,candidate_2,candidate_1,3,0.016666666666666666
884,candidate_3,candidate_2,candidate_1,3,0.016666666666666666
885,candidate_3,candidate_2,candidate_1,3,0.016666666666666666
886,candidate_3,candidate_2,candidate_1,3,0.016666666666666666
887,candidate_3,candidate_2,candidate_1,3,0.016666666666666666
888,candidate_3,candidate_2,candidate_1,3,0.016666666666666666
889,candidate_3,candidate_2,candidate_1,3,0.016666666666666666
890,candidate_3,candidate_2,candidate_1,3,0.016666666666666666
891,candidate_3,candidate_2,candidate_1,3,0.016666666666666666
892,candidate_3,candidate_2,candidate_1,3,0.016666666666666666
893,candidate_3,candidate_2,candidate_1,3,0.016666666666666666
894,candidate_3,candidate_2,candidate_1,3,0.016666666666666666
895,0,candidate_2,candidate_1,3,0.016666666666666666
896,candidate_3,candidate_2,candidate_1,3,0.016666666666666666
897,candidate_3,candidate_2,candidate_1,3,0.016666666666666666
898,candidate_3,candidate_2,candidate_1,3,0.016666666666666666
899,candidate_3,candidate_2,candidate_1,3,0.016666666666666666
900,candidate_3,candidate_2,candidate_1,3,0.016666666666666666
901,candidate_3,candidate_2,candidate_1,3,0.016666666666666666
902,candidate_3,candidate_2,candidate_1,3,0.016666666666666666
903,candidate_3,candidate_2,candidate_1,3,0.016666666666666666
904,candidate_3,candidate_2,candidate_1,3,0.016666666666666666
905,candidate_3,candidate_2,candidate_1,3,0.016666666666666666
906,candidate_3,candidate_2,candidate_1,3,0.016666666666666666
907,candidate_3,candidate_2,candidate_1,3,0.016666666666666666
908,candidate_3,candidate_2,candidate_1,3,0.016666666666666666
909,candidate_3,candidate_2,0,3,0.016666666666666666
910,candidate_3,candidate_2,candidate_1,3,0.016666666666666666
911,candidate_3,candidate_2,candidate_1,3,0.016666666666666666
912,candidate_3,candidate_2,candidate_1,3,0.016666666666666666
913,0,candidate_2,candidate_1,3,0.016666666666666666
914,candidate_3,candidate_2,candidate_1,3,0.016666666666666666
915,candidate_3,candidate_2,candidate_1,3,0.016666666666666666
916,candidate_3,candidate_2,candidate_1,3,0.016666666666666666
917,candidate_3,candidate_2,candidate_1,3,0.016666666666666666
918,candidate_3,candidate_2,candidate_1,3,0.016666666666666666
919,candidate_3,candidate_2,candidate_1,3,0.016666666666666666
920,candidate_3,candidate_2,candidate_1,3,0.016666666666666666
921,candidate_3,candidate_2,candidate_1,3,0.016666666666666666
922,candidate_3,candidate_2,candidate_1,3,0.016666666666666666
923,candidate_3,candidate_2,candidate_1,3,0.016666666666666666
924,candidate_3,candidate_2,candidate_1,3,0.016666666666666666
925,candidate_3,candidate_2,candidate_1,3,0.016666666666666666
926,candidate_3,candidate_2,candidate_1,3,0.016666666666666666
927,0,candidate_2,candidate_1,3,0.016666666666666666
928,candidate_3,candidate_2,candidate_1,3,0.016666666666666666
929,candidate_3,candidate_2,candidate_1,3,0.016666666666666666
930,candidate_3,candidate_2,candidate_1,3,0.016666666666666666
931,candidate_3,candidate_2,candidate_1,3,0.016666666666666666
932,candidate_3,candidate_2,candidate_1,3,0.016666666666666666
933,candidate_3,candidate_2,candidate_1,3,0.016666666666666666
934,candidate_3,candidate_2,candidate_1,3,0.016666666666666666
935,candidate_3,candidate_2,0,3,0.016666666666666666
936,candidate_3,candidate_2,candidate_1,3,0.016666666666666666
937,candidate_3,candidate_2,candidate_1,3,0.016666666666666666
938,candidate_3,candidate_2,candidate_1,3,0.016666666666666666
939,candidate_3,candidate_2,candidate_1,3,0.016666666666666666
940,0,candidate_2,candidate_1,3,0.016666666666666666
941,candidate_3,candidate_2,candidate_1,3,0.016666666666666666
942,candidate_3,candidate_2,candidate_1,3,0.016666666666666666
943,candidate_3,candidate_2,candidate_1,3,0.016666666666666666
944,candidate_3,candidate_2,candidate_1,3,0.016666666666666666
945,candidate_3,candidate_2,candidate_1,3,0.016666666666666666
946,candidate_3,candidate_2,candidate_1,3,0.016666666666666666
947,candidate_3,candidate_2,candidate_1,3,0.016666666666666666
948,candidate_3,candidate_2,candidate_1,3,0.016666666666666666
949,candidate_3,candidate_2,candidate_1,3,0.016666666666666666
950,candidate_3,candidate_2,candidate_1,3,0.016666666666666666
951,candidate_3,candidate_2,candidate_1,3,0.016666666666666666
952,candidate_3,candidate_2,candidate_1,3,0.016666666666666666
953,candidate_3,candidate_2,candidate_1,3,0.016666666666666666
954,candidate_3,candidate_2,candidate_1,3,0.016666666666666666
955,candidate_3,candidate_2,candidate_1,3,0.016666666666666666
956,candidate_3,candidate_2,candidate_1,3,0.016666666666666666
957,candidate_3,candidate_2,candidate_1,3,0.016666666666666666
958,0,candidate_2,candidate_1,3,0.016666666666666666
959,candidate_3,candidate_2,candidate_1,3,0.016666666666666666
960,candidate_3,candidate_2,candidate_1,3,0.016666666666666666
961,candidate_3,candidate_2,candidate_1,3,0.016666666666666666
962,candidate_3,candidate_2,candidate_1,3,0.016666666666666666
963,candidate_3,candidate_2,candidate_1,3,0.016666666666666666
964,candidate_3,candidate_2,candidate_1,3,0.016666666666666666
965,candidate_3,candidate_2,candidate_1,3,0.016666666666666666
966,candidate_3,candidate_2,candidate_1,3,0.016666666666666666
967,candidate_3,candidate_2,candidate_1,3,0.016666666666666666
968,candidate_3,candidate_2,candidate_1,3,0.016666666666666666
969,candidate_3,candidate_2,candidate_1,3,0.016666666666666666
970,candidate_3,candidate_2,candidate_1,3,0.016666666666666666
971,candidate_3,candidate_2,candidate_1,3,0.016666666666666666
972,0,candidate_2,candidate_1,3,0.016666666666666666
973,candidate_3,candidate_2,candidate_1,3,0.016666666666666666
974,candidate_3,candidate_2,candidate_1,3,0.016666666666666666
975,candidate_3,candidate_2,candidate_1,3,0.016666666666666666
976,candidate_3,candidate_2,candidate_1,3,0.016666666666666666
977,candidate_3,candidate_2,candidate_1,3,0.016666666666666666
978,candidate_3,candidate_2,candidate_1,3,0.016666666666666666
979,candidate_3,candidate_2,candidate_1,3,0.016666666666666666
980,candidate_3,candidate_2,candidate_1,3,0.016666666666666666
981,candidate_3,candidate_2,candidate_1,3,0.016666666666666666
982,candidate_3,candidate_2,candidate_1,3,0.016666666666666666
983,candidate_3,candidate_2,candidate_1,3,0.016666666666666666
984,candidate_3,candidate_2,candidate_1,3,0.016666666666666666
985,candidate_3,candidate_2,candidate_1,3,0.016666666666666666
986,candidate_3,candidate_2,candidate_1,3,0.016666666666666666
987,candidate_3,candidate_2,candidate_1,3,0.016666666666666666
988,candidate_3,candidate_2,candidate_1,3,0.016666666666666666
989,candidate_3,candidate_2,candidate_1,3,0.016666666666666666
990,candidate_3,candidate_2,candidate_1,3,0.016666666666666666
991,candidate_3,candidate_2,candidate_1,3,0.016666666666666666
992,candidate_3,candidate_2,candidate_1,3,0.016666666666666666
993,candidate_3,candidate_2,candidate_1,3,0.016666666666666666
994,candidate_3,candidate_2,candidate_1,3,0.016666666666666666
995,candidate_3,candidate_2,candidate_1,3,0.016666666666666666
996,candidate_3,candidate_2,candidate_1,3,0.016666666666666666
997,candidate_3,candidate_2,candidate_1,3,0.016666666666666666
998,candidate_3,candidate_2,candidate_1,3,0.016666666666666666
999,candidate_3,candidate_2,candidate_1,3,0.016666666666666666
1000,candidate_3,candidate_2,candidate_1,3,0.016666666666666666
1001,candidate_3,candidate_2,candidate_1,3,0.016666666666666666
1002,candidate_3,candidate_2,candidate_1,3,0.016666666666666666
1003,candidate_3,candidate_2,candidate_1,3,0.016666666666666666
1004,candidate_3,0,candidate_1,3,0.016666666666666666
1005,candidate_3,candidate_2,candidate_1,3,0.016666666666666666
1006,candidate_3,candidate_2,candidate_1,3,0.016666666666666666
1007,candidate_3,candidate_2,candidate_1,3,0.016666666666666666
1008,candidate_3,candidate_2,candidate_1,3,0.016666666666666666
1009,candidate_3,candidate_2,candidate_1,3,0.016666666666666666
1010,candidate_3,candidate_2,candidate_1,3,0.016666666666666666
1011,candidate_3,candidate_2,candidate_1,3,0.016666666666666666
1012,candidate_3,candidate_2,candidate_1,3,0.016666666666666666
1013,candidate_3,candidate_2,candidate_1,3,0.016666666666666666
1014,candidate_3,candidate_2,candidate_1,3,0.016666666666666666
1015,candidate_3,candidate_2,candidate_1,3,0.016666666666666666
1016,candidate_3,candidate_2,candidate_1,3,0.016666666666666666
1017,candidate_3,candidate_2,candidate_1,3,0.016666666666666666
1018,candidate_3,candidate_2,candidate_1,3,0.016666666666666666
1019,candidate_3,candidate_2,candidate_1,3,0.016666666666666666
1020,candidate_3,candidate_2,candidate_1,3,0.016666666666666666
1021,candidate_3,candidate_2,candidate_1,3,0.016666666666666666
1022,candidate_3,candidate_2,candidate_1,3,0.016666666666666666
1023,candidate_3,candidate_2,0,3,0.016666666666666666
1024,candidate_3,candidate_2,candidate_1,3,0.016666666666666666
1025,candidate_3,candidate_2,candidate_1,3,0.016666666666666666
1026,candidate_3,candidate_2,candidate_1,3,0.016666666666666666
1027,candidate_3,candidate_2,candidate_1,3,0.016666666666666666
1028,candidate_3,candidate_2,candidate_1,3,0.016666666666666666
1029,candidate_3,candidate_2,candidate_1,3,0.016666666666666666
1030,candidate_3,candidate_2,candidate_1,3,0.016666666666666666
1031,candidate_3,candidate_2,candidate_1,3,0.016666666666666666
1032,candidate_3,candidate_2,candidate_1,3,0.016666666666666666
1033,candidate_3,candidate_2,candidate_1,3,0.016666666666666666
1034,candidate_3,candidate_2,candidate_1,3,0.016666666666666666
1035,candidate_3,candidate_2,candidate_1,3,0.016666666666666666
1036,candidate_3,candidate_2,candidate_1,3,0.016666666666666666
1037,candidate_3,candidate_2,candidate_1,3,0.016666666666666666
1038,candidate_3,candidate_2,candidate_1,3,0.016666666666666666
1039,candidate_3,candidate_2,candidate_1,3,0.016666666666666666
1040,candidate_3,candidate_2,0,3,0.016666666666666666
1041,candidate_3,candidate_2,candidate_1,3,0.016666666666666666
1042,candidate_3,candidate_2,candidate_1,3,0.016666666666666666
1043,candidate_3,candidate_2,candidate_1,3,0.016666666666666666
1044,candidate_3,candidate_2,0,3,0.016666666666666666
1045,0,candidate_2,candidate_1,3,0.016666666666666666
1046,candidate_3,candidate_2,candidate_1,3,0.016666666666666666
1047,candidate_3,candidate_2,candidate_1,3,0.016666666666666666
1048,candidate_3,candidate_2,candidate_1,3,0.016666666666666666
1049,candidate_3,candidate_2,candidate_1,3,0.016666666666666666
1050,candidate_3,candidate_2,candidate_1,3,0.016666666666666666
1051,candidate_3,candidate_2,candidate_1,3,0.016666666666666666
1052,candidate_3,candidate_2,candidate_1,3,0.016666666666666666
1053,candidate_3,candidate_2,candidate_1,3,0.016666666666666666
1054,candidate_3,candidate_2,candidate_1,3,0.016666666666666666
1055,candidate_3,candidate_2,candidate_1,3,0.016666666666666666
1056,candidate_3,candidate_2,candidate_1,3,0.016666666666666666
1057,candidate_3,candidate_2,candidate_1,3,0.016666666666666666
1058,candidate_3,candidate_2,candidate_1,3,0.016666666666666666
1059,candidate_3,candidate_2,candidate_1,3,0.016666666666666666
1060,candidate_3,candidate_2,candidate_1,3,0.016666666666666666
1061,candidate_3,candidate_2,candidate_1,3,0.016666666666666666
1062,candidate_3,candidate_2,candidate_1,3,0.016666666666666666
1063,candidate_3,candidate_2,candidate_1,3,0.016666666666666666
1064,candidate_3,candidate_2,candidate_1,3,0.016666666666666666
1065,candidate_3,candidate_2,candidate_1,3,0.016666666666666666
1066,candidate_3,candidate_2,candidate_1,3,0.016666666666666666
1067,candidate_3,0,candidate_1,3,0.016666666666666666
1068,candidate_3,candidate_2,candidate_1,3,0.016666666666666666
1069,candidate_3,candidate_2,candidate_1,3,0.016666666666666666
1070,candidate_3,candidate_2,candidate_1,3,0.016666666666666666
1071,candidate_3,candidate_2,candidate_1,3,0.016666666666666666
1072,candidate_3,candidate_2,candidate_1,3,0.016666666666666666
1073,candidate_3,candidate_2,candidate_1,3,0.016666666666666666
1074,candidate_3,candidate_2,candidate_1,3,0.016666666666666666
1075,candidate_3,candidate_2,candidate_1,3,0.016666666666666666
1076,candidate_3,candidate_2,candidate_1,3,0.016666666666666666
1077,candidate_3,candidate_2,candidate_1,3,0.016666666666666666
1078,candidate_3,candidate_2,candidate_1,3,0.016666666666666666
1079,candidate_3,candidate_2,candidate_1,3,0.016666666666666666
1080,candidate_3,candidate_2,candidate_1,3,0.016666666666666666
1081,candidate_3,candidate_2,candidate_1,3,0.016666666666666666
1082,candidate_3,candidate_2,candidate_1,3,0.016666666666666666
1083,candidate_3,candidate_2,candidate_1,3,0.016666666666666666
1084,candidate_3,candidate_2,candidate_1,3,0.016666666666666666
1085,candidate_3,candidate_2,candidate_1,3,0.016666666666666666
1086,candidate_3,candidate_2,candidate_1,3,0.016666666666666666
1087,candidate_3,candidate_2,candidate_1,3,0.016666666666666666
1088,candidate_3,candidate_2,candidate_1,3,0.016666666666666666
1089,candidate_3,candidate_2,candidate_1,3,0.016666666666666666
1090,candidate_3,candidate_2,candidate_1,3,0.016666666666666666
1091,0,candidate_2,candidate_1,3,0.016666666666666666
1092,candidate_3,candidate_2,candidate_1,3,0.016666666666666666
1093,candidate_3,candidate_2,candidate_1,3,0.016666666666666666
1094,candidate_3,candidate_2,candidate_1,3,0.016666666666666666
1095,candidate_3,candidate_2,candidate_1,3,0.016666666666666666
1096,candidate_3,candidate_2,candidate_1,3,0.016666666666666666
1097,candidate_3,candidate_2,candidate_1,3,0.016666666666666666
1098,candidate_3,candidate_2,candidate_1,3,0.016666666666666666
1099,candidate_3,candidate_2,candidate_1,3,0.016666666666666666
1100,candidate_3,candidate_2,candidate_1,3,0.016666666666666666
1101,candidate_3,candidate_2,candidate_1,3,0.016666666666666666
1102,candidate_3,candidate_2,candidate_1,3,0.016666666666666666
1103,candidate_3,candidate_2,candidate_1,3,0.016666666666666666
1104,candidate_3,candidate_2,candidate_1,3,0.016666666666666666
1105,candidate_3,candidate_2,candidate_1,3,0.016666666666666666
1106,candidate_3,candidate_2,0,3,0.016666666666666666
1107,candidate_3,candidate_2,candidate_1,3,0.016666666666666666
1108,candidate_3,candidate_2,candidate_1,3,0.016666666666666666
1109,candidate_3,candidate_2,candidate_1,3,0.016666666666666666
1110,candidate_3,candidate_2,candidate_1,3,0.016666666666666666
1111,candidate_3,candidate_2,candidate_1,3,0.016666666666666666
1112,candidate_3,candidate_2,candidate_1,3,0.016666666666666666
1113,candidate_3,candidate_2,candidate_1,3,0.016666666666666666
1114,candidate_3,candidate_2,candidate_1,3,0.016666666666666666
1115,candidate_3,candidate_2,candidate_1,3,0.016666666666666666
1116,candidate_3,candidate_2,candidate_1,3,0.016666666666666666
1117,candidate_3,candidate_2,candidate_1,3,0.016666666666666666
1118,candidate_3,candidate_2,candidate_1,3,0.016666666666666666
1119,0,candidate_2,candidate_1,3,0.016666666666666666
1120,candidate_3,candidate_2,candidate_1,3,0.016666666666666666
1121,candidate_3,candidate_2,candidate_1,3,0.016666666666666666
1122,candidate_3,candidate_2,candidate_1,3,0.016666666666666666
1123,candidate_3,candidate_2,candidate_1,3,0.016666666666666666
1124,candidate_3,candidate_2,candidate_1,3,0.016666666666666666
1125,candidate_3,candidate_2,candidate_1,3,0.016666666666666666
1126,candidate_3,candidate_2,candidate_1,3,0.016666666666666666
1127,candidate_3,candidate_2,candidate_1,3,0.016666666666666666
1128,candidate_3,0,candidate_1,3,0.016666666666666666
1129,candidate_3,candidate_2,candidate_1,3,0.016666666666666666
1130,candidate_3,candidate_2,candidate_1,3,0.016666666666666666
1131,candidate_3,candidate_2,candidate_1,3,0.016666666666666666
