0,candidate_1,candidate_2,candidate_3
1,candidate_1,candidate_2,candidate_3
2,candidate_1,candidate_2,candidate_3
3,candidate_1,candidate_2,candidate_3
4,candidate_1,0,0
5,candidate_1,candidate_2,candidate_3
6,candidate_1,candidate_2,0
7,0,candidate_2,candidate_3
8,candidate_1,0,candidate_3
9,candidate_1,candidate_2,candidate_3
10,candidate_1,0,candidate_3
11,candidate_1,candidate_2,candidate_3
12,candidate_1,candidate_2,candidate_3
13,0,candidate_2,candidate_3
14,candidate_1,candidate_2,candidate_3
15,candidate_1,candidate_2,candidate_3
16,candidate_1,candidate_2,0
17,candidate_1,0,candidate_3
18,candidate_1,candidate_2,candidate_3
19,candidate_1,candidate_2,candidate_3
20,0,candidate_2,candidate_3
21,0,candidate_2,candidate_3
22,candidate_1,candidate_2,candidate_3
23,candidate_1,candidate_2,0
24,candidate_1,candidate_2,candidate_3
25,candidate_1,candidate_2,candidate_3
26,candidate_1,candidate_2,candidate_3
27,0,candidate_2,candidate_3
28,candidate_1,0,candidate_3
29,candidate_1,0,candidate_3
30,candidate_1,0,candidate_3
31,candidate_1,0,candidate_3
32,candidate_1,candidate_2,0
33,0,candidate_2,candidate_3
34,candidate_1,candidate_2,candidate_3
35,candidate_1,candidate_2,candidate_3
36,candidate_1,candidate_2,candidate_3
37,candidate_1,candidate_2,candidate_3
38,candidate_1,candidate_2,candidate_3
39,candidate_1,0,candidate_3
40,candidate_1,0,candidate_3
41,0,candidate_2,candidate_3
42,candidate_1,candidate_2,candidate_3
43,candidate_1,0,candidate_3
44,candidate_1,0,0
45,candidate_1,0,candidate_3
46,candidate_1,candidate_2,candidate_3
47,candidate_1,candidate_2,candidate_3
48,candidate_1,candidate_2,candidate_3
49,candidate_1,candidate_2,candidate_3
50,0,candidate_2,candidate_3
51,candidate_1,candidate_2,0
52,candidate_1,candidate_2,candidate_3
53,candidate_1,candidate_2,candidate_3
54,candidate_1,0,0
55,candidate_1,candidate_2,candidate_3
56,candidate_1,candidate_2,0
57,0,candidate_2,candidate_3
58,candidate_1,0,0
59,candidate_1,candidate_2,candidate_3
60,candidate_1,candidate_2,candidate_3
61,0,candidate_2,0
62,candidate_1,0,candidate_3
63,candidate_1,0,candidate_3
64,candidate_1,candidate_2,candidate_3
65,candidate_1,candidate_2,candidate_3
66,candidate_1,candidate_2,candidate_3
67,candidate_1,candidate_2,candidate_3
68,candidate_1,0,candidate_3
69,candidate_1,candidate_2,candidate_3
70,candidate_1,0,0
71,candidate_1,candidate_2,candidate_3
72,candidate_1,candidate_2,0
73,candidate_1,candidate_2,0
74,candidate_1,candidate_2,candidate_3
75,candidate_1,candidate_2,candidate_3
76,candidate_1,candidate_2,candidate_3
77,candidate_1,candidate_2,candidate_3
78,candidate_1,candidate_2,candidate_3
79,0,candidate_2,candidate_3
80,candidate_1,candidate_2,candidate_3
81,candidate_1,0,candidate_3
82,candidate_1,candidate_2,candidate_3
83,candidate_1,candidate_2,candidate_3
84,candidate_1,candidate_2,candidate_3
85,candidate_1,0,0
86,candidate_1,candidate_2,candidate_3
87,candidate_1,0,0
88,candidate_1,0,candidate_3
89,0,candidate_2,candidate_3
90,0,candidate_2,0
91,candidate_1,candidate_2,candidate_3
92,0,candidate_2,candidate_3
93,candidate_1,0,candidate_3
94,candidate_1,candidate_2,candidate_3
95,0,candidate_2,candidate_3
96,candidate_1,0,candidate_3
97,candidate_1,candidate_2,candidate_3
98,candidate_1,candidate_2,0
99,candidate_1,candidate_2,0
100,candidate_1,candidate_2,candidate_3
101,candidate_1,0,candidate_3
102,candidate_1,candidate_2,candidate_3
103,candidate_1,0,candidate_3
104,candidate_1,0,candidate_3
105,candidate_1,candidate_2,candidate_3
106,candidate_1,candidate_2,0
107,candidate_1,candidate_2,0
108,0,candidate_2,0
109,candidate_1,candidate_2,0
110,0,candidate_2,0
111,candidate_1,candidate_2,candidate_3
112,candidate_1,candidate_2,candidate_3
113,candidate_1,candidate_2,0
114,candidate_1,0,candidate_3
115,candidate_1,candidate_2,candidate_3
116,candidate_1,candidate_2,candidate_3
117,candidate_1,candidate_2,candidate_3
118,0,candidate_2,candidate_3
119,candidate_1,candidate_2,candidate_3
120,candidate_1,candidate_2,candidate_3
121,candidate_1,0,candidate_3
122,candidate_1,candidate_2,candidate_3
123,candidate_1,candidate_2,0
124,candidate_1,candidate_2,candidate_3
125,candidate_1,candidate_2,candidate_3
126,candidate_1,0,candidate_3
127,candidate_1,candidate_2,candidate_3
128,candidate_1,candidate_2,0
129,candidate_1,candidate_2,candidate_3
130,candidate_1,candidate_2,0
131,candidate_1,0,candidate_3
132,0,candidate_2,candidate_3
133,0,candidate_2,candidate_3
134,candidate_1,candidate_2,candidate_3
135,candidate_1,candidate_2,candidate_3
136,0,0,0
137,candidate_1,candidate_2,0
138,candidate_1,candidate_2,candidate_3
139,candidate_1,candidate_2,candidate_3
140,candidate_1,candidate_2,0
141,candidate_1,0,candidate_3
142,candidate_1,candidate_2,candidate_3
143,0,candidate_2,candidate_3
144,0,0,candidate_3
145,candidate_1,candidate_2,candidate_3
146,candidate_1,candidate_2,candidate_3
147,0,candidate_2,candidate_3
148,candidate_1,candidate_2,0
149,candidate_1,candidate_2,candidate_3
150,candidate_1,candidate_2,candidate_3
151,candidate_1,candidate_2,candidate_3
152,candidate_1,candidate_2,candidate_3
153,candidate_1,candidate_2,0
154,candidate_1,candidate_2,candidate_3
155,candidate_1,candidate_2,candidate_3
156,candidate_1,0,candidate_3
157,candidate_1,candidate_2,candidate_3
158,0,candidate_2,0
159,candidate_1,candidate_2,0
160,candidate_1,candidate_2,candidate_3
161,candidate_1,candidate_2,0
162,0,candidate_2,candidate_3
163,candidate_1,0,candidate_3
164,candidate_1,candidate_2,candidate_3
165,candidate_1,candidate_2,candidate_3
166,0,candidate_2,0
167,candidate_1,candidate_2,candidate_3
168,candidate_1,candidate_2,candidate_3
169,candidate_1,candidate_2,candidate_3
170,candidate_1,candidate_2,candidate_3
171,candidate_1,candidate_2,candidate_3
172,candidate_1,candidate_2,candidate_3
173,0,0,candidate_3
174,candidate_1,candidate_2,candidate_3
175,candidate_1,0,candidate_3
176,candidate_1,0,0
177,candidate_1,candidate_2,candidate_3
178,candidate_1,0,candidate_3
179,candidate_1,0,candidate_3
180,candidate_1,0,candidate_3
181,candidate_1,0,candidate_3
182,candidate_1,candidate_2,candidate_3
183,candidate_1,candidate_2,candidate_3
184,candidate_1,candidate_2,candidate_3
185,candidate_1,candidate_2,candidate_3
186,candidate_1,candidate_2,0
187,candidate_1,candidate_2,candidate_3
188,candidate_1,candidate_2,candidate_3
189,candidate_1,candidate_2,candidate_3
190,0,0,0
191,candidate_1,candidate_2,0
192,candidate_1,candidate_2,candidate_3
193,candidate_1,candidate_2,candidate_3
194,candidate_1,candidate_2,0
195,candidate_1,0,candidate_3
196,candidate_1,candidate_2,0
197,candidate_1,candidate_2,0
198,candidate_1,candidate_2,candidate_3
199,candidate_1,candidate_2,candidate_3
200,candidate_1,candidate_2,0
201,candidate_1,candidate_2,candidate_3
202,candidate_1,0,candidate_3
203,candidate_1,candidate_2,candidate_3
204,candidate_1,candidate_2,candidate_3
205,candidate_1,0,candidate_3
206,0,candidate_2,candidate_3
207,candidate_1,candidate_2,candidate_3
208,candidate_1,candidate_2,candidate_3
209,candidate_1,candidate_2,candidate_3
210,candidate_1,candidate_2,candidate_3
211,candidate_1,candidate_2,candidate_3
212,0,0,candidate_3
213,candidate_1,0,candidate_3
214,candidate_1,0,candidate_3
215,candidate_1,candidate_2,candidate_3
216,candidate_1,candidate_2,candidate_3
217,candidate_1,candidate_2,candidate_3
218,0,candidate_2,candidate_3
219,candidate_1,candidate_2,0
220,candidate_1,candidate_2,candidate_3
221,candidate_1,candidate_2,0
222,candidate_1,candidate_3,candidate_2
223,candidate_1,candidate_3,candidate_2
224,candidate_1,candidate_3,0
225,0,candidate_3,candidate_2
226,candidate_1,candidate_3,candidate_2
227,candidate_1,candidate_3,candidate_2
228,0,candidate_3,candidate_2
229,candidate_1,candidate_3,candidate_2
230,candidate_1,0,candidate_2
231,candidate_1,candidate_3,candidate_2
232,0,candidate_3,candidate_2
233,candidate_1,0,candidate_2
234,candidate_1,candidate_3,candidate_2
235,candidate_1,candidate_3,0
236,candidate_1,candidate_3,candidate_2
237,candidate_1,candidate_3,0
238,0,candidate_3,candidate_2
239,candidate_1,candidate_3,0
240,candidate_1,candidate_3,candidate_2
241,0,candidate_3,candidate_2
242,0,0,candidate_2
243,0,candidate_3,candidate_2
244,candidate_1,candidate_3,candidate_2
245,candidate_1,candidate_3,candidate_2
246,candidate_1,candidate_3,candidate_2
247,candidate_1,candidate_3,candidate_2
248,candidate_1,0,candidate_2
249,candidate_1,0,candidate_2
250,0,candidate_3,candidate_2
251,candidate_1,candidate_3,0
252,candidate_1,candidate_3,candidate_2
253,candidate_1,0,candidate_2
254,candidate_1,candidate_3,candidate_2
255,0,candidate_3,candidate_2
256,candidate_1,candidate_3,candidate_2
257,candidate_1,candidate_3,candidate_2
258,candidate_1,candidate_3,candidate_2
259,candidate_1,0,candidate_2
260,candidate_1,candidate_3,candidate_2
261,candidate_1,candidate_3,candidate_2
262,candidate_1,candidate_3,candidate_2
263,candidate_1,0,candidate_2
264,candidate_1,candidate_3,0
265,candidate_1,candidate_3,0
266,candidate_1,0,candidate_2
267,candidate_1,0,0
268,candidate_1,candidate_3,candidate_2
269,candidate_1,candidate_3,candidate_2
270,candidate_1,0,candidate_2
271,candidate_1,0,0
272,candidate_1,candidate_3,candidate_2
273,candidate_1,candidate_3,candidate_2
274,candidate_1,candidate_3,0
275,candidate_1,candidate_3,candidate_2
276,candidate_1,0,0
277,candidate_1,candidate_3,candidate_2
278,candidate_1,candidate_3,candidate_2
279,candidate_1,candidate_3,candidate_2
280,candidate_1,candidate_3,candidate_2
281,0,candidate_3,candidate_2
282,candidate_1,candidate_3,candidate_2
283,0,candidate_3,candidate_2
284,candidate_1,candidate_3,candidate_2
285,candidate_1,candidate_3,candidate_2
286,candidate_1,candidate_3,0
287,candidate_1,candidate_3,0
288,candidate_1,candidate_3,candidate_2
289,candidate_1,candidate_3,candidate_2
290,candidate_1,candidate_3,candidate_2
291,candidate_1,candidate_3,candidate_2
292,candidate_1,candidate_3,candidate_2
293,0,candidate_3,0
294,candidate_1,candidate_3,candidate_2
295,candidate_1,candidate_3,candidate_2
296,candidate_1,0,candidate_2
297,candidate_1,0,candidate_2
298,candidate_1,candidate_3,candidate_2
299,0,candidate_3,candidate_2
300,0,candidate_3,candidate_2
301,candidate_1,candidate_3,candidate_2
302,0,candidate_3,0
303,candidate_1,0,candidate_2
304,candidate_1,candidate_3,candidate_2
305,0,candidate_3,candidate_2
306,candidate_1,candidate_3,0
307,candidate_1,candidate_3,candidate_2
308,candidate_1,candidate_3,candidate_2
309,candidate_1,0,0
310,0,candidate_3,candidate_2
311,0,candidate_3,candidate_2
312,candidate_1,0,candidate_2
313,candidate_1,candidate_3,candidate_2
314,0,candidate_3,candidate_2
315,0,candidate_3,candidate_2
316,candidate_1,candidate_3,0
317,candidate_1,candidate_3,candidate_2
318,candidate_1,0,candidate_2
319,candidate_1,candidate_3,candidate_2
320,candidate_1,candidate_3,candidate_2
321,candidate_1,candidate_3,candidate_2
322,candidate_1,candidate_3,candidate_2
323,candidate_1,candidate_3,candidate_2
324,candidate_1,candidate_3,candidate_2
325,candidate_1,candidate_3,0
326,candidate_1,candidate_3,candidate_2
327,candidate_1,candidate_3,candidate_2
328,candidate_1,candidate_3,candidate_2
329,candidate_1,candidate_3,candidate_2
330,candidate_1,candidate_3,candidate_2
331,candidate_1,candidate_3,candidate_2
332,0,candidate_3,candidate_2
333,candidate_1,candidate_3,candidate_2
334,0,candidate_3,0
335,candidate_1,candidate_3,candidate_2
336,candidate_1,candidate_3,candidate_2
337,candidate_1,0,candidate_2
338,candidate_1,candidate_3,candidate_2
339,candidate_1,candidate_3,0
340,0,candidate_3,candidate_2
341,candidate_1,candidate_3,candidate_2
342,candidate_1,candidate_3,candidate_2
343,0,candidate_3,0
344,candidate_1,candidate_3,candidate_2
345,candidate_1,candidate_3,0
346,0,candidate_3,candidate_2
347,candidate_1,0,candidate_2
348,0,0,candidate_2
349,candidate_1,candidate_3,candidate_2
350,candidate_1,candidate_3,0
351,candidate_1,candidate_3,candidate_2
352,candidate_1,candidate_3,candidate_2
353,candidate_1,candidate_3,candidate_2
354,candidate_1,candidate_3,candidate_2
355,candidate_1,candidate_3,candidate_2
356,candidate_1,candidate_3,candidate_2
357,candidate_1,candidate_3,candidate_2
358,0,candidate_3,candidate_2
359,candidate_1,candidate_3,0
360,0,candidate_3,candidate_2
361,candidate_1,candidate_3,0
362,candidate_1,candidate_3,candidate_2
363,candidate_1,candidate_3,candidate_2
364,candidate_1,candidate_3,candidate_2
365,candidate_1,candidate_3,candidate_2
366,candidate_1,candidate_3,candidate_2
367,0,candidate_3,candidate_2
368,candidate_1,candidate_3,candidate_2
369,0,candidate_3,0
370,0,candidate_3,candidate_2
371,candidate_1,candidate_3,0
372,candidate_1,candidate_3,0
373,candidate_1,candidate_3,candidate_2
374,candidate_1,0,candidate_2
375,candidate_1,candidate_3,candidate_2
376,candidate_1,candidate_3,candidate_2
377,0,candidate_3,candidate_2
378,candidate_1,candidate_3,candidate_2
379,0,candidate_3,candidate_2
380,candidate_1,candidate_3,candidate_2
381,candidate_1,candidate_3,candidate_2
382,candidate_1,candidate_3,candidate_2
383,0,candidate_3,candidate_2
384,candidate_1,candidate_3,0
385,candidate_1,0,candidate_2
386,0,candidate_3,candidate_2
387,candidate_1,candidate_3,candidate_2
388,candidate_1,candidate_3,candidate_2
389,candidate_1,candidate_3,candidate_2
390,candidate_1,candidate_3,candidate_2
391,0,candidate_3,candidate_2
392,candidate_1,0,0
393,candidate_1,candidate_3,0
394,0,0,0
395,candidate_1,candidate_3,candidate_2
396,0,candidate_3,candidate_2
397,0,candidate_3,candidate_2
398,candidate_1,candidate_3,candidate_2
399,0,0,0
400,candidate_1,candidate_3,0
401,candidate_1,candidate_3,candidate_2
402,0,candidate_3,candidate_2
403,candidate_1,candidate_3,candidate_2
404,candidate_1,candidate_3,candidate_2
405,0,candidate_3,candidate_2
406,candidate_1,candidate_3,candidate_2
407,candidate_1,candidate_3,candidate_2
408,0,0,candidate_2
409,candidate_1,candidate_3,candidate_2
410,candidate_1,candidate_3,candidate_2
411,candidate_1,candidate_3,candidate_2
412,candidate_1,candidate_3,candidate_2
413,candidate_1,candidate_3,candidate_2
414,candidate_1,candidate_3,0
415,candidate_1,candidate_3,candidate_2
416,candidate_1,candidate_3,candidate_2
417,0,candidate_3,candidate_2
418,0,candidate_3,candidate_2
419,candidate_1,candidate_3,candidate_2
420,candidate_1,candidate_3,candidate_2
421,candidate_1,candidate_3,candidate_2
422,candidate_1,0,candidate_2
423,candidate_1,candidate_3,candidate_2
424,0,candidate_3,candidate_2
425,candidate_1,0,0
426,candidate_1,candidate_3,candidate_2
427,candidate_1,candidate_3,candidate_2
428,candidate_1,0,candidate_2
429,candidate_1,candidate_3,candidate_2
430,candidate_1,candidate_3,candidate_2
431,candidate_1,candidate_3,candidate_2
432,candidate_1,candidate_3,candidate_2
433,candidate_1,candidate_3,candidate_2
434,candidate_1,candidate_3,candidate_2
435,0,candidate_3,candidate_2
436,candidate_1,candidate_3,candidate_2
437,candidate_1,candidate_3,candidate_2
438,candidate_2,candidate_1,candidate_3
439,candidate_2,0,candidate_3
440,0,candidate_1,candidate_3
441,candidate_2,0,candidate_3
442,candidate_2,candidate_1,candidate_3
443,candidate_2,candidate_1,candidate_3
444,candidate_2,candidate_1,candidate_3
445,candidate_2,candidate_1,0
446,candidate_2,candidate_1,0
447,candidate_2,candidate_1,candidate_3
448,candidate_2,0,0
449,candidate_2,candidate_1,candidate_3
450,candidate_2,candidate_1,candidate_3
451,candidate_2,candidate_1,candidate_3
452,candidate_2,0,candidate_3
453,candidate_2,0,candidate_3
454,0,candidate_1,candidate_3
455,0,0,candidate_3
456,candidate_2,candidate_1,candidate_3
457,candidate_2,candidate_1,candidate_3
458,0,0,candidate_3
459,candidate_2,candidate_1,candidate_3
460,0,candidate_1,0
461,candidate_2,candidate_1,candidate_3
462,candidate_2,candidate_1,0
463,candidate_2,candidate_1,candidate_3
464,candidate_2,candidate_1,candidate_3
465,candidate_2,candidate_1,candidate_3
466,candidate_2,0,candidate_3
467,candidate_2,candidate_1,candidate_3
468,0,candidate_1,candidate_3
469,candidate_2,candidate_1,candidate_3
470,candidate_2,candidate_1,candidate_3
471,0,candidate_1,0
472,candidate_2,candidate_1,candidate_3
473,0,0,candidate_3
474,candidate_2,candidate_1,candidate_3
475,candidate_2,candidate_1,candidate_3
476,candidate_2,candidate_1,candidate_3
477,candidate_2,candidate_1,candidate_3
478,candidate_2,candidate_1,candidate_3
479,candidate_2,0,candidate_3
480,candidate_2,candidate_1,candidate_3
481,candidate_2,candidate_1,candidate_3
482,candidate_2,candidate_1,candidate_3
483,candidate_2,candidate_1,0
484,0,candidate_1,candidate_3
485,candidate_2,candidate_1,candidate_3
486,candidate_2,candidate_1,candidate_3
487,0,candidate_1,candidate_3
488,candidate_2,candidate_1,candidate_3
489,candidate_2,candidate_1,0
490,candidate_2,candidate_1,0
491,0,candidate_1,candidate_3
492,candidate_2,candidate_1,candidate_3
493,candidate_2,candidate_1,candidate_3
494,0,candidate_1,candidate_3
495,0,0,candidate_3
496,candidate_2,candidate_1,candidate_3
497,candidate_2,candidate_1,candidate_3
498,candidate_2,candidate_1,candidate_3
499,candidate_2,candidate_1,candidate_3
500,candidate_2,candidate_1,candidate_3
501,candidate_2,candidate_1,candidate_3
502,candidate_2,0,0
503,candidate_2,candidate_1,candidate_3
504,0,candidate_1,candidate_3
505,candidate_2,candidate_1,0
506,candidate_2,candidate_1,candidate_3
507,candidate_2,0,candidate_3
508,candidate_2,0,0
509,candidate_2,candidate_1,candidate_3
510,candidate_2,0,candidate_3
511,candidate_2,0,candidate_3
512,candidate_2,0,candidate_3
513,0,candidate_1,candidate_3
514,candidate_2,candidate_1,candidate_3
515,candidate_2,candidate_1,0
516,candidate_2,0,0
517,candidate_2,candidate_1,candidate_3
518,candidate_2,candidate_1,candidate_3
519,candidate_2,candidate_1,candidate_3
520,0,candidate_1,candidate_3
521,candidate_2,candidate_1,candidate_3
522,candidate_2,candidate_1,candidate_3
523,candidate_2,candidate_1,0
524,0,candidate_1,0
525,candidate_2,candidate_1,candidate_3
526,0,candidate_1,candidate_3
527,candidate_2,candidate_1,candidate_3
528,candidate_2,0,candidate_3
529,candidate_2,0,candidate_3
530,candidate_2,candidate_1,candidate_3
531,candidate_2,candidate_1,0
532,candidate_2,candidate_1,candidate_3
533,candidate_2,candidate_1,candidate_3
534,candidate_2,candidate_1,candidate_3
535,candidate_2,0,candidate_3
536,candidate_2,candidate_1,candidate_3
537,candidate_2,candidate_1,candidate_3
538,0,candidate_1,candidate_3
539,candidate_2,candidate_1,candidate_3
540,candidate_2,0,candidate_3
541,0,candidate_1,candidate_3
542,candidate_2,candidate_1,candidate_3
543,0,0,candidate_3
544,candidate_2,candidate_1,candidate_3
545,candidate_2,candidate_1,0
546,0,candidate_1,candidate_3
547,candidate_2,candidate_1,0
548,candidate_2,candidate_1,candidate_3
549,0,candidate_1,candidate_3
550,candidate_2,0,candidate_3
551,candidate_2,candidate_1,candidate_3
552,candidate_2,candidate_1,0
553,candidate_2,candidate_1,candidate_3
554,candidate_2,candidate_1,candidate_3
555,candidate_2,candidate_1,candidate_3
556,candidate_2,candidate_1,candidate_3
557,candidate_2,candidate_1,candidate_3
558,candidate_2,candidate_1,candidate_3
559,candidate_2,0,candidate_3
560,0,candidate_1,candidate_3
561,candidate_2,candidate_1,candidate_3
562,candidate_2,candidate_1,candidate_3
563,candidate_2,candidate_1,candidate_3
564,candidate_2,candidate_1,candidate_3
565,candidate_2,0,0
566,candidate_2,candidate_1,candidate_3
567,candidate_2,candidate_1,candidate_3
568,candidate_2,candidate_1,candidate_3
569,candidate_2,candidate_1,candidate_3
570,candidate_2,0,candidate_3
571,candidate_2,candidate_1,candidate_3
572,candidate_2,0,0
573,candidate_2,candidate_1,candidate_3
574,candidate_2,candidate_1,candidate_3
575,candidate_2,candidate_1,0
576,candidate_2,0,candidate_3
577,candidate_2,candidate_1,candidate_3
578,candidate_2,candidate_1,candidate_3
579,candidate_2,candidate_1,candidate_3
580,candidate_2,candidate_1,candidate_3
581,candidate_2,candidate_1,candidate_3
582,candidate_2,candidate_1,candidate_3
583,candidate_2,candidate_1,0
584,candidate_2,candidate_1,candidate_3
585,candidate_2,candidate_1,candidate_3
586,candidate_2,candidate_1,candidate_3
587,candidate_2,candidate_1,candidate_3
588,candidate_2,candidate_1,0
589,0,candidate_1,candidate_3
590,candidate_2,candidate_1,candidate_3
591,candidate_2,0,candidate_3
592,candidate_2,candidate_1,0
593,0,candidate_1,candidate_3
594,candidate_2,candidate_1,candidate_3
595,candidate_2,candidate_1,0
596,0,candidate_1,candidate_3
597,candidate_2,candidate_1,candidate_3
598,candidate_2,0,candidate_3
599,candidate_2,candidate_1,candidate_3
600,candidate_2,candidate_1,candidate_3
601,0,0,0
602,candidate_2,candidate_1,candidate_3
603,candidate_2,candidate_1,candidate_3
604,candidate_2,candidate_1,0
605,0,candidate_1,0
606,0,candidate_1,candidate_3
607,0,candidate_1,0
608,0,0,candidate_3
609,candidate_2,candidate_1,candidate_3
610,0,candidate_1,candidate_3
611,candidate_2,candidate_1,candidate_3
612,candidate_2,candidate_1,0
613,candidate_2,candidate_1,candidate_3
614,candidate_2,0,0
615,candidate_2,candidate_1,candidate_3
616,candidate_2,candidate_1,0
617,candidate_2,candidate_1,candidate_3
618,0,candidate_1,candidate_3
619,0,candidate_1,candidate_3
620,0,0,0
621,candidate_2,candidate_1,candidate_3
622,candidate_2,candidate_1,candidate_3
623,candidate_2,candidate_1,candidate_3
624,candidate_2,candidate_1,candidate_3
625,candidate_2,candidate_1,candidate_3
626,candidate_2,candidate_1,0
627,candidate_2,0,candidate_3
628,candidate_2,candidate_1,0
629,0,candidate_1,candidate_3
630,candidate_2,0,candidate_3
631,0,candidate_1,candidate_3
632,candidate_2,candidate_1,candidate_3
633,0,candidate_1,candidate_3
634,0,0,0
635,candidate_2,candidate_1,candidate_3
636,candidate_2,candidate_1,candidate_3
637,candidate_2,candidate_1,candidate_3
638,candidate_2,candidate_1,candidate_3
639,candidate_2,candidate_1,candidate_3
640,candidate_2,candidate_1,candidate_3
641,0,candidate_1,candidate_3
642,candidate_2,candidate_1,candidate_3
643,candidate_2,candidate_1,candidate_3
644,candidate_2,candidate_1,candidate_3
645,candidate_2,candidate_1,candidate_3
646,candidate_2,candidate_1,candidate_3
647,candidate_2,candidate_1,candidate_3
648,candidate_2,candidate_1,candidate_3
649,candidate_2,0,candidate_3
650,candidate_2,candidate_1,candidate_3
651,candidate_2,0,candidate_3
652,candidate_2,candidate_1,candidate_3
653,candidate_2,candidate_1,candidate_3
654,candidate_2,candidate_1,candidate_3
655,candidate_2,candidate_1,candidate_3
656,candidate_2,candidate_1,candidate_3
657,candidate_2,candidate_1,candidate_3
658,candidate_2,candidate_1,candidate_3
659,candidate_2,candidate_1,candidate_3
660,candidate_2,candidate_1,0
661,0,candidate_1,candidate_3
662,candidate_2,candidate_1,candidate_3
663,candidate_2,0,candidate_3
664,candidate_2,candidate_1,candidate_3
665,0,candidate_1,0
666,candidate_2,candidate_1,candidate_3
667,candidate_2,candidate_1,candidate_3
668,0,candidate_1,candidate_3
669,candidate_2,candidate_1,candidate_3
670,candidate_2,candidate_1,candidate_3
671,candidate_2,candidate_1,candidate_3
672,0,candidate_1,0
673,candidate_2,candidate_1,candidate_3
674,candidate_2,candidate_1,candidate_3
675,candidate_2,candidate_1,0
676,candidate_2,0,candidate_3
677,0,candidate_1,candidate_3
678,candidate_2,candidate_1,candidate_3
679,0,candidate_1,candidate_3
680,candidate_2,candidate_1,candidate_3
681,candidate_2,candidate_1,candidate_3
682,candidate_2,candidate_1,candidate_3
683,candidate_2,candidate_1,candidate_3
684,candidate_2,candidate_1,candidate_3
685,candidate_2,candidate_1,candidate_3
686,candidate_2,candidate_1,candidate_3
687,candidate_2,candidate_1,candidate_3
688,0,candidate_1,candidate_3
689,candidate_2,candidate_1,candidate_3
690,candidate_2,candidate_1,candidate_3
691,0,candidate_1,candidate_3
692,0,candidate_1,candidate_3
693,candidate_2,candidate_1,candidate_3
694,candidate_2,candidate_1,candidate_3
695,candidate_2,candidate_1,candidate_3
696,candidate_2,candidate_1,candidate_3
697,candidate_2,candidate_1,candidate_3
698,candidate_2,candidate_1,candidate_3
699,candidate_2,0,candidate_3
700,candidate_2,candidate_1,candidate_3
701,candidate_2,candidate_1,candidate_3
702,candidate_2,0,candidate_3
703,candidate_2,candidate_1,candidate_3
704,candidate_2,candidate_1,0
705,candidate_2,candidate_1,candidate_3
706,candidate_2,candidate_1,0
707,candidate_2,candidate_1,candidate_3
708,candidate_2,candidate_1,0
709,candidate_2,candidate_1,candidate_3
710,candidate_2,candidate_1,candidate_3
711,candidate_2,candidate_1,candidate_3
712,candidate_2,candidate_1,candidate_3
713,candidate_2,0,candidate_3
714,candidate_2,candidate_1,candidate_3
715,candidate_2,candidate_1,candidate_3
716,candidate_2,0,0
717,candidate_2,candidate_1,candidate_3
718,candidate_2,candidate_1,0
719,candidate_2,0,candidate_3
720,0,candidate_1,candidate_3
721,candidate_2,candidate_1,candidate_3
722,candidate_2,candidate_1,candidate_3
723,candidate_2,candidate_1,candidate_3
724,0,0,candidate_3
725,candidate_2,candidate_1,candidate_3
726,candidate_2,candidate_1,candidate_3
727,candidate_2,candidate_1,candidate_3
728,candidate_2,0,candidate_3
729,candidate_2,candidate_1,0
730,candidate_2,candidate_1,candidate_3
731,candidate_2,0,candidate_3
732,candidate_2,candidate_1,candidate_3
733,candidate_2,candidate_1,candidate_3
734,0,candidate_1,candidate_3
735,candidate_2,0,0
736,0,0,0
737,candidate_2,0,candidate_3
738,0,candidate_1,candidate_3
739,candidate_2,candidate_1,candidate_3
740,candidate_2,candidate_1,candidate_3
741,candidate_2,0,candidate_3
742,candidate_2,candidate_1,candidate_3
743,0,candidate_1,candidate_3
744,candidate_2,candidate_1,candidate_3
745,candidate_2,candidate_1,candidate_3
746,candidate_2,candidate_1,candidate_3
747,candidate_2,candidate_1,candidate_3
748,candidate_2,0,candidate_3
749,0,candidate_1,candidate_3
750,0,candidate_1,candidate_3
751,candidate_2,candidate_1,candidate_3
752,candidate_2,0,candidate_3
753,candidate_2,candidate_1,candidate_3
754,candidate_2,0,candidate_3
755,0,candidate_1,candidate_3
756,candidate_2,candidate_1,0
757,candidate_2,candidate_1,candidate_3
758,candidate_2,candidate_1,candidate_3
759,candidate_2,0,0
760,candidate_2,candidate_1,candidate_3
761,candidate_2,candidate_1,candidate_3
762,candidate_2,0,candidate_3
763,candidate_2,candidate_1,0
764,candidate_2,candidate_1,candidate_3
765,candidate_2,candidate_1,candidate_3
766,candidate_2,candidate_1,candidate_3
767,candidate_2,candidate_1,candidate_3
768,candidate_2,candidate_1,candidate_3
769,candidate_2,candidate_1,candidate_3
770,candidate_2,candidate_1,candidate_3
771,candidate_2,candidate_1,candidate_3
772,candidate_2,candidate_1,candidate_3
773,candidate_2,candidate_1,candidate_3
774,candidate_2,candidate_1,candidate_3
775,candidate_2,candidate_1,candidate_3
776,candidate_2,candidate_1,candidate_3
777,candidate_2,candidate_1,candidate_3
778,0,candidate_1,candidate_3
779,0,candidate_1,candidate_3
780,candidate_2,candidate_1,candidate_3
781,candidate_2,candidate_1,0
782,candidate_2,candidate_1,candidate_3
783,candidate_2,0,0
784,candidate_2,candidate_1,candidate_3
785,0,candidate_1,candidate_3
786,candidate_2,0,candidate_3
787,0,candidate_1,candidate_3
788,0,candidate_1,candidate_3
789,candidate_2,candidate_1,candidate_3
790,candidate_2,candidate_1,candidate_3
791,candidate_2,candidate_1,0
792,candidate_2,candidate_1,candidate_3
793,candidate_2,candidate_1,candidate_3
794,0,candidate_1,candidate_3
795,candidate_2,candidate_1,candidate_3
796,candidate_2,candidate_1,candidate_3
797,candidate_2,candidate_1,0
798,0,candidate_1,candidate_3
799,candidate_2,0,candidate_3
800,candidate_2,candidate_1,candidate_3
801,0,0,candidate_3
802,candidate_2,candidate_1,candidate_3
803,candidate_2,candidate_1,0
804,candidate_2,candidate_1,candidate_3
805,candidate_2,0,0
806,candidate_2,candidate_1,candidate_3
807,candidate_2,candidate_1,candidate_3
808,0,candidate_1,candidate_3
809,candidate_2,candidate_1,candidate_3
810,candidate_2,candidate_1,candidate_3
811,candidate_2,0,0
812,candidate_2,0,candidate_3
813,candidate_2,candidate_1,candidate_3
814,candidate_2,candidate_1,candidate_3
815,candidate_2,candidate_1,candidate_3
816,candidate_2,0,candidate_3
817,candidate_2,0,candidate_3
818,candidate_2,candidate_1,candidate_3
819,candidate_2,0,candidate_3
820,candidate_2,candidate_1,0
821,candidate_2,0,candidate_3
822,candidate_2,candidate_1,candidate_3
823,0,candidate_1,0
824,candidate_2,candidate_1,0
825,0,candidate_1,candidate_3
826,candidate_2,candidate_1,candidate_3
827,candidate_2,0,0
828,candidate_2,candidate_1,candidate_3
829,candidate_2,0,0
830,candidate_2,candidate_1,candidate_3
831,candidate_2,0,candidate_3
832,0,candidate_1,candidate_3
833,candidate_2,candidate_1,candidate_3
834,candidate_2,candidate_1,candidate_3
835,0,0,candidate_3
836,candidate_2,candidate_1,candidate_3
837,candidate_2,0,candidate_3
838,candidate_2,candidate_1,candidate_3
839,candidate_2,candidate_1,candidate_3
840,0,candidate_1,candidate_3
841,candidate_2,candidate_1,candidate_3
842,candidate_2,candidate_1,candidate_3
843,candidate_2,0,candidate_3
844,candidate_2,candidate_1,candidate_3
845,candidate_2,0,candidate_3
846,candidate_2,candidate_1,candidate_3
847,0,candidate_1,candidate_3
848,candidate_2,candidate_1,candidate_3
849,candidate_2,0,0
850,0,0,candidate_3
851,candidate_2,candidate_1,candidate_3
852,candidate_2,candidate_1,candidate_3
853,candidate_2,candidate_1,candidate_3
854,candidate_2,candidate_1,candidate_3
855,candidate_2,0,0
856,candidate_2,candidate_1,candidate_3
857,candidate_2,candidate_1,candidate_3
858,candidate_2,0,candidate_3
859,candidate_2,0,candidate_3
860,candidate_2,candidate_1,candidate_3
861,candidate_2,candidate_1,0
862,candidate_2,candidate_1,candidate_3
863,candidate_2,candidate_1,candidate_3
864,candidate_2,candidate_1,candidate_3
865,0,0,0
866,candidate_2,candidate_1,candidate_3
867,candidate_2,candidate_1,candidate_3
868,candidate_2,candidate_1,0
869,candidate_2,candidate_1,candidate_3
870,candidate_2,candidate_1,candidate_3
871,candidate_2,candidate_1,candidate_3
872,0,candidate_1,candidate_3
873,candidate_2,candidate_1,candidate_3
874,0,candidate_1,candidate_3
875,candidate_2,0,candidate_3
876,candidate_2,candidate_1,candidate_3
877,candidate_2,candidate_1,candidate_3
878,0,candidate_1,0
879,0,candidate_1,candidate_3
880,candidate_2,0,candidate_3
881,candidate_2,candidate_1,candidate_3
882,candidate_2,0,candidate_3
883,candidate_2,0,candidate_3
884,candidate_2,candidate_1,0
885,candidate_2,candidate_1,candidate_3
886,0,candidate_1,candidate_3
887,candidate_2,candidate_1,candidate_3
888,candidate_2,candidate_1,candidate_3
889,candidate_2,candidate_1,0
890,candidate_2,candidate_1,0
891,candidate_2,0,0
892,candidate_2,candidate_1,0
893,candidate_2,candidate_1,candidate_3
894,candidate_2,candidate_1,candidate_3
895,candidate_2,candidate_1,candidate_3
896,0,candidate_1,candidate_3
897,candidate_2,0,candidate_3
898,candidate_2,candidate_1,candidate_3
899,candidate_2,0,candidate_3
900,candidate_2,candidate_1,0
901,candidate_2,candidate_1,candidate_3
902,candidate_2,candidate_3,candidate_1
903,candidate_2,candidate_3,candidate_1
904,candidate_2,candidate_3,0
905,candidate_2,0,candidate_1
906,0,0,candidate_1
907,candidate_2,candidate_3,candidate_1
908,candidate_2,candidate_3,candidate_1
909,candidate_2,candidate_3,candidate_1
910,candidate_2,candidate_3,candidate_1
911,candidate_2,candidate_3,candidate_1
912,candidate_2,candidate_3,candidate_1
913,candidate_2,candidate_3,candidate_1
914,candidate_2,candidate_3,0
915,0,candidate_3,0
916,candidate_2,0,0
917,0,candidate_3,candidate_1
918,candidate_2,candidate_3,0
919,candidate_2,candidate_3,candidate_1
920,0,candidate_3,candidate_1
921,0,candidate_3,0
922,candidate_2,candidate_3,candidate_1
923,candidate_2,candidate_3,candidate_1
924,candidate_2,candidate_3,candidate_1
925,candidate_2,candidate_3,candidate_1
926,candidate_2,candidate_3,0
927,0,candidate_3,candidate_1
928,candidate_2,candidate_3,candidate_1
929,candidate_2,candidate_3,candidate_1
930,candidate_2,candidate_3,0
931,candidate_2,candidate_3,candidate_1
932,candidate_2,candidate_3,candidate_1
933,candidate_2,candidate_3,candidate_1
934,candidate_2,candidate_3,candidate_1
935,0,candidate_3,candidate_1
936,candidate_2,candidate_3,0
937,candidate_2,candidate_3,0
938,candidate_2,candidate_3,candidate_1
939,candidate_2,candidate_3,candidate_1
940,0,candidate_3,candidate_1
941,candidate_2,0,0
942,candidate_2,candidate_3,candidate_1
943,candidate_2,candidate_3,candidate_1
944,candidate_2,candidate_3,candidate_1
945,0,candidate_3,candidate_1
946,0,candidate_3,candidate_1
947,0,candidate_3,candidate_1
948,candidate_2,0,candidate_1
949,0,0,candidate_1
950,candidate_2,candidate_3,candidate_1
951,candidate_2,candidate_3,candidate_1
952,candidate_2,0,candidate_1
953,0,candidate_3,candidate_1
954,candidate_2,0,candidate_1
955,candidate_2,candidate_3,candidate_1
956,candidate_2,candidate_3,0
957,candidate_2,candidate_3,0
958,candidate_2,candidate_3,candidate_1
959,candidate_2,candidate_3,candidate_1
960,0,0,0
961,candidate_2,candidate_3,candidate_1
962,candidate_2,0,candidate_1
963,candidate_2,candidate_3,candidate_1
964,candidate_2,candidate_3,candidate_1
965,candidate_2,candidate_3,candidate_1
966,candidate_2,candidate_3,candidate_1
967,0,candidate_3,candidate_1
968,candidate_2,candidate_3,0
969,candidate_2,candidate_3,candidate_1
970,candidate_2,candidate_3,candidate_1
971,candidate_2,candidate_3,candidate_1
972,candidate_2,candidate_3,0
973,candidate_2,candidate_3,candidate_1
974,candidate_2,candidate_3,0
975,candidate_2,candidate_3,candidate_1
976,candidate_2,candidate_3,0
977,candidate_2,candidate_3,candidate_1
978,candidate_2,candidate_3,candidate_1
979,candidate_2,candidate_3,candidate_1
980,candidate_2,candidate_3,candidate_1
981,candidate_2,candidate_3,candidate_1
982,candidate_2,candidate_3,candidate_1
983,candidate_2,candidate_3,candidate_1
984,candidate_2,candidate_3,candidate_1
985,0,0,0
986,candidate_2,candidate_3,candidate_1
987,candidate_2,candidate_3,candidate_1
988,candidate_2,candidate_3,candidate_1
989,0,candidate_3,candidate_1
990,candidate_2,candidate_3,candidate_1
991,candidate_2,candidate_3,candidate_1
992,0,candidate_3,candidate_1
993,candidate_2,0,candidate_1
994,candidate_2,candidate_3,0
995,candidate_2,candidate_3,candidate_1
996,candidate_2,0,candidate_1
997,candidate_2,candidate_3,0
998,candidate_2,0,0
999,0,candidate_3,0
1000,candidate_2,candidate_3,candidate_1
1001,candidate_2,candidate_3,candidate_1
1002,candidate_2,candidate_3,candidate_1
1003,candidate_2,candidate_3,candidate_1
1004,candidate_2,candidate_3,candidate_1
1005,0,candidate_3,candidate_1
1006,candidate_2,candidate_3,candidate_1
1007,candidate_2,candidate_3,candidate_1
1008,candidate_2,candidate_3,candidate_1
1009,candidate_2,candidate_3,candidate_1
1010,0,candidate_3,candidate_1
1011,candidate_2,candidate_3,candidate_1
1012,candidate_2,candidate_3,candidate_1
1013,candidate_2,candidate_3,candidate_1
1014,candidate_2,candidate_3,candidate_1
1015,candidate_2,0,0
1016,candidate_2,candidate_3,candidate_1
1017,candidate_2,0,candidate_1
1018,0,candidate_3,candidate_1
1019,candidate_2,0,0
1020,0,candidate_3,candidate_1
1021,candidate_2,candidate_3,candidate_1
1022,candidate_2,candidate_3,0
1023,candidate_2,0,candidate_1
1024,candidate_2,candidate_3,0
1025,candidate_2,candidate_3,candidate_1
1026,candidate_2,candidate_3,candidate_1
1027,0,candidate_3,candidate_1
1028,candidate_2,candidate_3,candidate_1
1029,candidate_2,candidate_3,candidate_1
1030,candidate_2,candidate_3,candidate_1
1031,0,candidate_3,candidate_1
1032,candidate_2,candidate_3,candidate_1
1033,candidate_2,candidate_3,0
1034,candidate_2,0,candidate_1
1035,candidate_2,candidate_3,candidate_1
1036,candidate_2,candidate_3,candidate_1
1037,candidate_2,candidate_3,candidate_1
1038,candidate_2,0,candidate_1
1039,candidate_2,candidate_3,candidate_1
1040,candidate_2,candidate_3,candidate_1
1041,candidate_2,candidate_3,candidate_1
1042,candidate_2,candidate_3,candidate_1
1043,candidate_2,candidate_3,candidate_1
1044,0,candidate_3,candidate_1
1045,candidate_2,candidate_3,candidate_1
1046,candidate_2,candidate_3,candidate_1
1047,candidate_2,candidate_3,candidate_1
1048,candidate_2,candidate_3,candidate_1
1049,0,candidate_3,candidate_1
1050,candidate_2,candidate_3,candidate_1
1051,candidate_2,candidate_3,candidate_1
1052,candidate_2,candidate_3,0
1053,candidate_2,candidate_3,candidate_1
1054,candidate_2,0,candidate_1
1055,candidate_2,candidate_3,candidate_1
1056,candidate_2,candidate_3,candidate_1
1057,candidate_2,candidate_3,candidate_1
1058,candidate_2,candidate_3,candidate_1
1059,candidate_2,0,candidate_1
1060,candidate_2,candidate_3,candidate_1
1061,candidate_2,candidate_3,candidate_1
1062,candidate_2,candidate_3,candidate_1
1063,candidate_2,candidate_3,candidate_1
1064,candidate_2,0,candidate_1
1065,candidate_2,candidate_3,candidate_1
1066,candidate_2,0,candidate_1
1067,candidate_2,0,candidate_1
1068,candidate_2,candidate_3,candidate_1
1069,candidate_2,candidate_3,candidate_1
1070,candidate_2,candidate_3,candidate_1
1071,0,candidate_3,candidate_1
1072,candidate_2,candidate_3,candidate_1
1073,candidate_2,0,candidate_1
1074,candidate_2,candidate_3,candidate_1
1075,candidate_2,0,0
1076,candidate_2,candidate_3,candidate_1
1077,candidate_2,candidate_3,candidate_1
1078,candidate_2,candidate_3,candidate_1
1079,0,0,0
1080,candidate_2,candidate_3,candidate_1
1081,candidate_2,candidate_3,candidate_1
1082,candidate_3,candidate_1,candidate_2
1083,candidate_3,candidate_1,candidate_2
1084,candidate_3,candidate_1,0
1085,candidate_3,0,candidate_2
1086,0,candidate_1,candidate_2
1087,0,0,candidate_2
1088,candidate_3,candidate_1,candidate_2
1089,candidate_3,candidate_1,candidate_2
1090,candidate_3,0,candidate_2
1091,candidate_3,candidate_1,candidate_2
1092,candidate_3,candidate_1,candidate_2
1093,candidate_3,candidate_1,candidate_2
1094,candidate_3,candidate_1,candidate_2
1095,candidate_3,candidate_1,candidate_2
1096,candidate_3,candidate_1,candidate_2
1097,candidate_3,candidate_1,candidate_2
1098,candidate_3,candidate_1,candidate_2
1099,candidate_3,candidate_1,candidate_2
1100,0,candidate_1,candidate_2
1101,0,candidate_1,0
1102,0,candidate_1,candidate_2
1103,candidate_3,candidate_1,candidate_2
1104,candidate_3,candidate_1,candidate_2
1105,0,candidate_1,candidate_2
1106,candidate_3,candidate_1,candidate_2
1107,0,candidate_1,candidate_2
1108,0,candidate_1,candidate_2
1109,0,candidate_1,candidate_2
1110,candidate_3,candidate_1,0
1111,candidate_3,candidate_1,candidate_2
1112,candidate_3,candidate_1,candidate_2
1113,candidate_3,candidate_1,candidate_2
1114,candidate_3,candidate_1,0
1115,candidate_3,0,candidate_2
1116,candidate_3,candidate_1,candidate_2
1117,candidate_3,candidate_1,0
1118,candidate_3,candidate_1,candidate_2
1119,candidate_3,candidate_1,candidate_2
1120,0,0,candidate_2
1121,candidate_3,candidate_1,0
1122,candidate_3,candidate_1,0
1123,candidate_3,candidate_1,candidate_2
1124,0,candidate_1,candidate_2
1125,0,candidate_1,candidate_2
1126,candidate_3,0,0
1127,0,candidate_1,candidate_2
1128,candidate_3,candidate_1,candidate_2
1129,candidate_3,candidate_1,candidate_2
1130,0,candidate_1,candidate_2
1131,candidate_3,candidate_1,candidate_2
1132,candidate_3,candidate_1,candidate_2
1133,candidate_3,0,candidate_2
1134,candidate_3,candidate_1,candidate_2
1135,0,candidate_1,0
1136,0,candidate_1,candidate_2
1137,candidate_3,candidate_1,candidate_2
1138,candidate_3,candidate_1,candidate_2
1139,candidate_3,0,candidate_2
1140,0,candidate_1,candidate_2
1141,candidate_3,candidate_1,0
1142,candidate_3,candidate_1,candidate_2
1143,candidate_3,0,candidate_2
1144,candidate_3,candidate_1,candidate_2
1145,candidate_3,0,candidate_2
1146,candidate_3,candidate_1,0
1147,candidate_3,0,candidate_2
1148,0,0,candidate_2
1149,candidate_3,candidate_1,candidate_2
1150,candidate_3,candidate_1,candidate_2
1151,candidate_3,candidate_1,0
1152,candidate_3,candidate_1,candidate_2
1153,0,candidate_1,candidate_2
1154,candidate_3,candidate_1,candidate_2
1155,candidate_3,candidate_1,candidate_2
1156,candidate_3,candidate_1,candidate_2
1157,candidate_3,candidate_1,candidate_2
1158,candidate_3,0,candidate_2
1159,candidate_3,candidate_1,0
1160,candidate_3,0,0
1161,candidate_3,candidate_1,candidate_2
1162,0,candidate_1,candidate_2
1163,0,candidate_1,candidate_2
1164,candidate_3,candidate_1,candidate_2
1165,candidate_3,candidate_1,candidate_2
1166,candidate_3,candidate_1,candidate_2
1167,candidate_3,0,candidate_2
1168,candidate_3,candidate_1,candidate_2
1169,candidate_3,candidate_1,candidate_2
1170,0,candidate_1,candidate_2
1171,candidate_3,0,candidate_2
1172,candidate_3,0,candidate_2
1173,candidate_3,candidate_1,candidate_2
1174,candidate_3,candidate_1,candidate_2
1175,candidate_3,candidate_1,candidate_2
1176,0,candidate_1,0
1177,candidate_3,candidate_1,candidate_2
1178,candidate_3,0,candidate_2
1179,candidate_3,0,candidate_2
1180,candidate_3,candidate_1,candidate_2
1181,candidate_3,candidate_1,0
1182,candidate_3,0,candidate_2
1183,candidate_3,candidate_1,candidate_2
1184,candidate_3,0,candidate_2
1185,candidate_3,candidate_1,candidate_2
1186,candidate_3,candidate_1,0
1187,0,candidate_1,candidate_2
1188,candidate_3,candidate_1,0
1189,0,candidate_1,candidate_2
1190,0,candidate_1,0
1191,candidate_3,0,0
1192,candidate_3,candidate_1,candidate_2
1193,candidate_3,0,candidate_2
1194,candidate_3,candidate_1,0
1195,candidate_3,candidate_1,candidate_2
1196,candidate_3,0,candidate_2
1197,0,candidate_1,candidate_2
1198,0,candidate_1,0
1199,candidate_3,0,candidate_2
1200,candidate_3,candidate_1,candidate_2
1201,candidate_3,0,candidate_2
1202,candidate_3,candidate_1,candidate_2
1203,candidate_3,candidate_1,0
1204,candidate_3,candidate_1,0
1205,candidate_3,candidate_1,candidate_2
1206,candidate_3,candidate_1,0
1207,candidate_3,0,candidate_2
1208,candidate_3,candidate_1,candidate_2
1209,candidate_3,candidate_1,candidate_2
1210,0,candidate_1,candidate_2
1211,candidate_3,candidate_1,candidate_2
1212,candidate_3,candidate_1,candidate_2
1213,candidate_3,candidate_1,0
1214,candidate_3,candidate_1,candidate_2
1215,candidate_3,candidate_1,candidate_2
1216,candidate_3,candidate_1,candidate_2
1217,candidate_3,0,0
1218,0,candidate_1,candidate_2
1219,candidate_3,candidate_1,0
1220,candidate_3,candidate_1,candidate_2
1221,candidate_3,candidate_1,candidate_2
1222,candidate_3,candidate_1,candidate_2
1223,0,candidate_1,candidate_2
1224,candidate_3,0,candidate_2
1225,candidate_3,candidate_1,candidate_2
1226,candidate_3,candidate_1,0
1227,candidate_3,candidate_1,candidate_2
1228,candidate_3,candidate_1,candidate_2
1229,0,candidate_1,0
1230,candidate_3,candidate_1,0
1231,candidate_3,candidate_1,candidate_2
1232,candidate_3,candidate_1,candidate_2
1233,candidate_3,0,candidate_2
1234,candidate_3,candidate_1,candidate_2
1235,candidate_3,candidate_1,candidate_2
1236,candidate_3,candidate_1,0
1237,candidate_3,candidate_1,candidate_2
1238,candidate_3,candidate_1,candidate_2
1239,0,candidate_1,candidate_2
1240,candidate_3,0,candidate_2
1241,candidate_3,candidate_1,candidate_2
1242,candidate_3,candidate_1,candidate_2
1243,candidate_3,candidate_1,candidate_2
1244,0,0,candidate_2
1245,candidate_3,candidate_1,candidate_2
1246,0,candidate_1,candidate_2
1247,candidate_3,candidate_1,candidate_2
1248,candidate_3,candidate_1,0
1249,candidate_3,candidate_1,candidate_2
1250,candidate_3,0,candidate_2
1251,candidate_3,candidate_1,candidate_2
1252,candidate_3,candidate_1,candidate_2
1253,candidate_3,0,candidate_2
1254,candidate_3,candidate_1,0
1255,candidate_3,candidate_1,0
1256,candidate_3,0,0
1257,candidate_3,0,candidate_2
1258,candidate_3,candidate_1,candidate_2
1259,candidate_3,0,0
1260,candidate_3,candidate_1,candidate_2
1261,candidate_3,candidate_1,candidate_2
1262,candidate_3,candidate_1,candidate_2
1263,candidate_3,0,candidate_2
1264,candidate_3,0,candidate_2
1265,candidate_3,0,0
1266,candidate_3,candidate_1,candidate_2
1267,candidate_3,candidate_1,candidate_2
1268,candidate_3,0,0
1269,0,candidate_1,candidate_2
1270,candidate_3,candidate_1,candidate_2
1271,candidate_3,candidate_1,candidate_2
1272,candidate_3,candidate_1,candidate_2
1273,candidate_3,candidate_1,candidate_2
1274,candidate_3,candidate_1,candidate_2
1275,candidate_3,0,candidate_2
1276,candidate_3,0,0
1277,candidate_3,candidate_1,candidate_2
1278,candidate_3,candidate_1,candidate_2
1279,candidate_3,candidate_1,candidate_2
1280,candidate_3,0,candidate_2
1281,candidate_3,candidate_1,candidate_2
1282,candidate_3,0,candidate_2
1283,candidate_3,candidate_1,candidate_2
1284,candidate_3,0,candidate_2
1285,candidate_3,candidate_1,0
1286,candidate_3,candidate_1,0
1287,candidate_3,candidate_1,candidate_2
1288,0,candidate_1,candidate_2
1289,candidate_3,0,0
1290,candidate_3,candidate_1,candidate_2
1291,candidate_3,candidate_1,candidate_2
1292,candidate_3,candidate_1,candidate_2
1293,candidate_3,0,candidate_2
1294,candidate_3,candidate_1,candidate_2
1295,candidate_3,candidate_1,candidate_2
1296,candidate_3,candidate_1,candidate_2
1297,candidate_3,candidate_1,candidate_2
1298,candidate_3,candidate_1,candidate_2
1299,candidate_3,0,candidate_2
1300,candidate_3,candidate_1,candidate_2
1301,candidate_3,candidate_1,candidate_2
1302,candidate_3,candidate_1,candidate_2
1303,0,candidate_1,candidate_2
1304,candidate_3,candidate_1,0
1305,candidate_3,candidate_1,candidate_2
1306,0,candidate_1,candidate_2
1307,candidate_3,candidate_1,candidate_2
1308,candidate_3,candidate_1,candidate_2
1309,candidate_3,candidate_1,candidate_2
1310,candidate_3,candidate_1,candidate_2
1311,0,candidate_1,0
1312,0,candidate_1,candidate_2
1313,candidate_3,candidate_1,candidate_2
1314,candidate_3,candidate_1,candidate_2
1315,candidate_3,candidate_1,candidate_2
1316,candidate_3,candidate_1,0
1317,candidate_3,candidate_1,candidate_2
1318,candidate_3,candidate_1,candidate_2
1319,0,candidate_1,candidate_2
1320,candidate_3,candidate_1,0
1321,candidate_3,candidate_1,candidate_2
1322,candidate_3,candidate_1,candidate_2
1323,candidate_3,candidate_1,candidate_2
1324,candidate_3,candidate_1,candidate_2
1325,candidate_3,0,candidate_2
1326,candidate_3,candidate_1,candidate_2
1327,candidate_3,candidate_1,candidate_2
1328,candidate_3,0,candidate_2
1329,0,candidate_1,candidate_2
1330,0,candidate_1,candidate_2
1331,candidate_3,candidate_1,candidate_2
1332,0,candidate_1,candidate_2
1333,0,0,0
1334,candidate_3,0,candidate_2
1335,0,candidate_1,candidate_2
1336,candidate_3,candidate_1,candidate_2
1337,candidate_3,candidate_1,0
1338,0,candidate_1,candidate_2
1339,candidate_3,candidate_1,0
1340,0,candidate_1,candidate_2
1341,candidate_3,candidate_1,0
1342,0,candidate_1,candidate_2
1343,candidate_3,candidate_1,candidate_2
1344,candidate_3,candidate_1,candidate_2
1345,candidate_3,candidate_1,0
1346,candidate_3,candidate_1,candidate_2
1347,candidate_3,0,candidate_2
1348,candidate_3,candidate_1,0
1349,candidate_3,candidate_1,candidate_2
1350,0,0,candidate_2
1351,candidate_3,candidate_1,candidate_2
1352,candidate_3,candidate_1,candidate_2
1353,candidate_3,candidate_1,candidate_2
1354,0,candidate_1,candidate_2
1355,candidate_3,candidate_1,candidate_2
1356,candidate_3,candidate_1,candidate_2
1357,0,candidate_1,candidate_2
1358,candidate_3,candidate_1,0
1359,0,candidate_1,candidate_2
1360,candidate_3,candidate_1,0
1361,0,candidate_1,candidate_2
1362,candidate_3,candidate_1,candidate_2
1363,candidate_3,candidate_1,candidate_2
1364,0,candidate_1,candidate_2
1365,0,candidate_2,candidate_1
1366,candidate_3,candidate_2,candidate_1
1367,candidate_3,candidate_2,candidate_1
1368,candidate_3,candidate_2,candidate_1
1369,candidate_3,candidate_2,candidate_1
1370,candidate_3,candidate_2,candidate_1
1371,0,0,0
1372,candidate_3,candidate_2,candidate_1
1373,candidate_3,candidate_2,candidate_1
1374,0,candidate_2,candidate_1
1375,candidate_3,0,candidate_1
1376,candidate_3,candidate_2,candidate_1
1377,candidate_3,candidate_2,candidate_1
1378,candidate_3,candidate_2,candidate_1
1379,candidate_3,candidate_2,candidate_1
1380,candidate_3,candidate_2,candidate_1
1381,candidate_3,candidate_2,0
1382,candidate_3,0,candidate_1
1383,candidate_3,0,0
1384,0,candidate_2,0
1385,candidate_3,0,candidate_1
1386,0,candidate_2,candidate_1
1387,candidate_3,candidate_2,candidate_1
1388,candidate_3,candidate_2,candidate_1
1389,0,candidate_2,candidate_1
1390,candidate_3,candidate_2,candidate_1
1391,candidate_3,candidate_2,candidate_1
1392,candidate_3,candidate_2,candidate_1
1393,candidate_3,candidate_2,candidate_1
1394,0,candidate_2,candidate_1
1395,candidate_3,candidate_2,candidate_1
1396,candidate_3,0,candidate_1
1397,candidate_3,candidate_2,0
1398,candidate_3,candidate_2,0
1399,candidate_3,0,candidate_1
1400,candidate_3,candidate_2,candidate_1
1401,0,candidate_2,candidate_1
1402,candidate_3,candidate_2,candidate_1
1403,candidate_3,0,candidate_1
1404,candidate_3,candidate_2,candidate_1
1405,candidate_3,candidate_2,0
1406,candidate_3,0,0
1407,candidate_3,candidate_2,candidate_1
1408,0,candidate_2,candidate_1
1409,candidate_3,candidate_2,0
1410,candidate_3,candidate_2,0
1411,0,candidate_2,candidate_1
1412,0,candidate_2,candidate_1
1413,candidate_3,candidate_2,candidate_1
1414,0,candidate_2,candidate_1
1415,candidate_3,candidate_2,candidate_1
1416,candidate_3,candidate_2,candidate_1
1417,candidate_3,candidate_2,candidate_1
1418,candidate_3,0,candidate_1
1419,candidate_3,0,candidate_1
1420,candidate_3,candidate_2,candidate_1
1421,candidate_3,0,candidate_1
1422,candidate_3,candidate_2,candidate_1
1423,candidate_3,candidate_2,candidate_1
1424,candidate_3,candidate_2,candidate_1
1425,candidate_3,candidate_2,candidate_1
1426,candidate_3,candidate_2,candidate_1
1427,candidate_3,candidate_2,candidate_1
1428,candidate_3,0,0
1429,candidate_3,candidate_2,candidate_1
1430,candidate_3,candidate_2,candidate_1
1431,0,0,candidate_1
1432,candidate_3,candidate_2,0
1433,candidate_3,candidate_2,candidate_1
1434,0,candidate_2,candidate_1
1435,candidate_3,candidate_2,0
1436,candidate_3,0,candidate_1
1437,0,candidate_2,candidate_1
1438,candidate_3,candidate_2,0
1439,0,candidate_2,candidate_1
1440,candidate_3,candidate_2,candidate_1
1441,0,candidate_2,0
1442,candidate_3,candidate_2,candidate_1
1443,candidate_3,candidate_2,candidate_1
1444,0,candidate_2,candidate_1
1445,candidate_3,candidate_2,candidate_1
1446,candidate_3,candidate_2,candidate_1
1447,candidate_3,candidate_2,candidate_1
1448,0,0,candidate_1
1449,candidate_3,candidate_2,candidate_1
1450,candidate_3,candidate_2,0
1451,candidate_3,candidate_2,candidate_1
1452,candidate_3,candidate_2,candidate_1
1453,candidate_3,candidate_2,0
1454,candidate_3,candidate_2,candidate_1
1455,candidate_3,candidate_2,candidate_1
1456,candidate_3,candidate_2,candidate_1
1457,0,0,candidate_1
1458,0,candidate_2,candidate_1
1459,candidate_3,candidate_2,candidate_1
1460,candidate_3,candidate_2,candidate_1
1461,0,0,candidate_1
1462,candidate_3,candidate_2,candidate_1
1463,candidate_3,candidate_2,candidate_1
1464,candidate_3,candidate_2,candidate_1
1465,0,0,candidate_1
1466,candidate_3,0,0
1467,candidate_3,candidate_2,0
1468,candidate_3,candidate_2,candidate_1
1469,candidate_3,candidate_2,candidate_1
1470,candidate_3,candidate_2,0
1471,candidate_3,candidate_2,candidate_1
1472,candidate_3,candidate_2,candidate_1
1473,candidate_3,candidate_2,candidate_1
1474,candidate_3,candidate_2,candidate_1
1475,candidate_3,candidate_2,candidate_1
1476,candidate_3,candidate_2,candidate_1
1477,candidate_3,0,candidate_1
1478,candidate_3,candidate_2,candidate_1
1479,0,0,candidate_1
1480,candidate_3,candidate_2,candidate_1
1481,candidate_3,0,candidate_1
1482,candidate_3,candidate_2,candidate_1
1483,candidate_3,candidate_2,candidate_1
1484,candidate_3,candidate_2,candidate_1
1485,candidate_3,candidate_2,candidate_1
1486,candidate_3,candidate_2,candidate_1
1487,0,0,candidate_1
1488,candidate_3,0,candidate_1
1489,0,candidate_2,candidate_1
1490,candidate_3,candidate_2,candidate_1
1491,candidate_3,candidate_2,0
1492,candidate_3,candidate_2,0
1493,candidate_3,candidate_2,candidate_1
1494,candidate_3,candidate_2,candidate_1
1495,candidate_3,candidate_2,candidate_1
1496,0,candidate_2,0
1497,candidate_3,candidate_2,0
1498,candidate_3,candidate_2,candidate_1
1499,candidate_3,candidate_2,candidate_1
1500,candidate_3,candidate_2,candidate_1
1501,0,candidate_2,candidate_1
1502,candidate_3,candidate_2,0
1503,0,0,candidate_1
1504,candidate_3,candidate_2,0
1505,0,candidate_2,candidate_1
1506,candidate_3,candidate_2,candidate_1
1507,candidate_3,candidate_2,candidate_1
1508,candidate_3,candidate_2,0
1509,candidate_3,candidate_2,candidate_1
1510,candidate_3,0,candidate_1
1511,candidate_3,candidate_2,0
1512,candidate_3,candidate_2,0
1513,0,candidate_2,candidate_1
1514,candidate_3,candidate_2,candidate_1
1515,candidate_3,candidate_2,0
1516,0,0,candidate_1
1517,candidate_3,candidate_2,candidate_1
1518,candidate_3,candidate_2,candidate_1
1519,candidate_3,candidate_2,candidate_1
1520,candidate_3,candidate_2,0
1521,candidate_3,candidate_2,candidate_1
1522,0,candidate_2,candidate_1
1523,candidate_3,candidate_2,0
1524,candidate_3,candidate_2,candidate_1
1525,0,candidate_2,candidate_1
1526,candidate_3,candidate_2,candidate_1
1527,0,candidate_2,candidate_1
1528,0,candidate_2,candidate_1
1529,0,candidate_2,candidate_1
1530,candidate_3,candidate_2,candidate_1
1531,0,candidate_2,candidate_1
1532,0,0,candidate_1
1533,candidate_3,0,0
1534,candidate_3,candidate_2,candidate_1
1535,candidate_3,candidate_2,candidate_1
1536,candidate_3,candidate_2,candidate_1
1537,candidate_3,candidate_2,candidate_1
1538,0,candidate_2,candidate_1
1539,candidate_3,candidate_2,candidate_1
1540,0,candidate_2,candidate_1
1541,candidate_3,candidate_2,candidate_1
1542,candidate_3,candidate_2,candidate_1
1543,0,candidate_2,candidate_1
1544,candidate_3,candidate_2,candidate_1
1545,candidate_3,candidate_2,candidate_1
1546,candidate_3,candidate_2,candidate_1
1547,0,candidate_2,candidate_1
1548,candidate_3,candidate_2,candidate_1
1549,candidate_3,candidate_2,candidate_1
1550,0,candidate_2,0
1551,candidate_3,candidate_2,candidate_1
1552,candidate_3,candidate_2,0
1553,candidate_3,candidate_2,candidate_1
1554,0,candidate_2,candidate_1
1555,0,candidate_2,candidate_1
1556,0,candidate_2,candidate_1
1557,candidate_3,0,candidate_1
1558,candidate_3,candidate_2,candidate_1
1559,candidate_3,candidate_2,candidate_1
1560,candidate_3,candidate_2,candidate_1
1561,candidate_3,0,candidate_1
1562,0,candidate_2,candidate_1
1563,candidate_3,candidate_2,candidate_1
1564,0,candidate_2,candidate_1
1565,candidate_3,candidate_2,candidate_1
1566,0,candidate_2,candidate_1
1567,candidate_3,candidate_2,candidate_1
1568,candidate_3,candidate_2,candidate_1
1569,candidate_3,candidate_2,candidate_1
1570,candidate_3,candidate_2,candidate_1
1571,candidate_3,candidate_2,candidate_1
1572,candidate_3,candidate_2,candidate_1
1573,candidate_3,candidate_2,0
1574,candidate_3,candidate_2,0
1575,0,0,candidate_1
1576,candidate_3,candidate_2,candidate_1
1577,0,candidate_2,candidate_1
1578,candidate_3,0,candidate_1
1579,candidate_3,candidate_2,candidate_1
1580,candidate_3,candidate_2,candidate_1
1581,candidate_3,candidate_2,candidate_1
1582,candidate_3,candidate_2,candidate_1
1583,0,candidate_2,0
1584,candidate_3,candidate_2,candidate_1
1585,0,candidate_2,0
1586,0,candidate_2,candidate_1
1587,0,candidate_2,0
1588,0,candidate_2,candidate_1
1589,candidate_3,candidate_2,candidate_1
1590,candidate_3,0,candidate_1
1591,candidate_3,0,0
1592,candidate_3,0,0
1593,candidate_3,0,candidate_1
1594,candidate_3,candidate_2,candidate_1
1595,candidate_3,0,candidate_1
1596,candidate_3,candidate_2,candidate_1
1597,0,candidate_2,candidate_1
1598,candidate_3,candidate_2,0
1599,candidate_3,0,0
1600,candidate_3,candidate_2,candidate_1
1601,candidate_3,candidate_2,0
1602,candidate_3,candidate_2,candidate_1
1603,candidate_3,0,candidate_1
1604,candidate_3,0,candidate_1
1605,candidate_3,candidate_2,0
1606,candidate_3,candidate_2,candidate_1
1607,candidate_3,candidate_2,candidate_1
1608,0,candidate_2,candidate_1
1609,candidate_3,candidate_2,candidate_1
1610,candidate_3,candidate_2,candidate_1
1611,candidate_3,candidate_2,candidate_1
1612,0,0,candidate_1
1613,candidate_3,candidate_2,candidate_1
1614,candidate_3,0,candidate_1
1615,candidate_3,candidate_2,candidate_1
1616,candidate_3,candidate_2,candidate_1
1617,0,candidate_2,candidate_1
1618,candidate_3,candidate_2,candidate_1
1619,candidate_3,0,candidate_1
1620,candidate_3,candidate_2,candidate_1
1621,candidate_3,candidate_2,candidate_1
1622,candidate_3,0,candidate_1
1623,candidate_3,candidate_2,candidate_1
1624,candidate_3,0,candidate_1
1625,candidate_3,candidate_2,candidate_1
1626,candidate_3,0,candidate_1
1627,candidate_3,candidate_2,candidate_1
1628,0,candidate_2,candidate_1
1629,candidate_3,candidate_2,candidate_1
1630,candidate_3,candidate_2,candidate_1
1631,candidate_3,candidate_2,0
1632,candidate_3,candidate_2,candidate_1
1633,candidate_3,candidate_2,candidate_1
1634,candidate_3,0,0
1635,candidate_3,candidate_2,candidate_1
1636,candidate_3,candidate_2,candidate_1
1637,0,candidate_2,candidate_1
1638,candidate_3,candidate_2,candidate_1
1639,candidate_3,candidate_2,candidate_1
1640,candidate_3,candidate_2,candidate_1
1641,candidate_3,candidate_2,candidate_1
1642,candidate_3,candidate_2,0
1643,candidate_3,candidate_2,candidate_1
1644,candidate_3,candidate_2,candidate_1
1645,candidate_3,candidate_2,candidate_1
1646,candidate_3,candidate_2,candidate_1
1647,candidate_3,candidate_2,candidate_1
1648,candidate_3,candidate_2,candidate_1
1649,candidate_3,0,candidate_1
1650,candidate_3,candidate_2,candidate_1
1651,candidate_3,candidate_2,0
1652,candidate_3,candidate_2,candidate_1
1653,candidate_3,candidate_2,candidate_1
1654,candidate_3,candidate_2,candidate_1
1655,candidate_3,candidate_2,candidate_1
1656,0,candidate_2,candidate_1
1657,candidate_3,0,candidate_1
1658,candidate_3,candidate_2,candidate_1
1659,candidate_3,candidate_2,candidate_1
1660,candidate_3,candidate_2,candidate_1
1661,candidate_3,0,candidate_1
1662,candidate_3,0,candidate_1
1663,candidate_3,candidate_2,candidate_1
1664,candidate_3,candidate_2,candidate_1
1665,candidate_3,candidate_2,0
1666,candidate_3,candidate_2,candidate_1
1667,candidate_3,candidate_2,candidate_1
1668,0,candidate_2,0
1669,0,candidate_2,candidate_1
1670,0,0,0
1671,candidate_3,candidate_2,candidate_1
1672,0,candidate_2,0
1673,0,candidate_2,candidate_1
1674,candidate_3,candidate_2,candidate_1
1675,candidate_3,candidate_2,candidate_1
1676,candidate_3,candidate_2,candidate_1
1677,candidate_3,candidate_2,candidate_1
1678,0,candidate_2,0
1679,candidate_3,candidate_2,candidate_1
1680,candidate_3,candidate_2,candidate_1
1681,candidate_3,candidate_2,0
1682,candidate_3,candidate_2,candidate_1
1683,candidate_3,candidate_2,candidate_1
1684,candidate_3,candidate_2,candidate_1
1685,candidate_3,candidate_2,candidate_1
1686,candidate_3,candidate_2,candidate_1
1687,0,candidate_2,candidate_1
1688,candidate_3,candidate_2,candidate_1
1689,candidate_3,candidate_2,candidate_1
1690,candidate_3,0,candidate_1
1691,candidate_3,candidate_2,candidate_1
1692,candidate_3,candidate_2,candidate_1
1693,0,0,candidate_1
1694,0,candidate_2,candidate_1
1695,candidate_3,candidate_2,candidate_1
1696,candidate_3,candidate_2,candidate_1
1697,candidate_3,candidate_2,candidate_1
1698,candidate_3,candidate_2,candidate_1
1699,candidate_3,candidate_2,candidate_1
1700,candidate_3,candidate_2,candidate_1
1701,0,0,candidate_1
1702,candidate_3,candidate_2,candidate_1
1703,candidate_3,candidate_2,candidate_1
1704,candidate_3,0,0
1705,candidate_3,0,candidate_1
1706,0,candidate_2,candidate_1
1707,candidate_3,candidate_2,candidate_1
1708,candidate_3,candidate_2,candidate_1
1709,0,candidate_2,0
1710,candidate_3,candidate_2,0
1711,candidate_3,0,candidate_1
1712,candidate_3,candidate_2,candidate_1
1713,candidate_3,0,candidate_1
1714,candidate_3,candidate_2,candidate_1
1715,candidate_3,candidate_2,candidate_1
1716,candidate_3,candidate_2,candidate_1
1717,0,candidate_2,candidate_1
1718,candidate_3,candidate_2,candidate_1
1719,candidate_3,candidate_2,candidate_1
1720,0,candidate_2,candidate_1
1721,0,0,candidate_1
1722,candidate_3,0,candidate_1
1723,candidate_3,candidate_2,candidate_1
1724,candidate_3,0,0
1725,candidate_3,candidate_2,candidate_1
1726,0,candidate_2,candidate_1
1727,candidate_3,0,candidate_1
1728,0,candidate_2,candidate_1
1729,candidate_3,candidate_2,candidate_1
1730,0,candidate_2,0
1731,candidate_3,candidate_2,candidate_1
1732,candidate_3,candidate_2,candidate_1
1733,candidate_3,candidate_2,candidate_1
1734,candidate_3,candidate_2,candidate_1
1735,candidate_3,0,candidate_1
1736,candidate_3,candidate_2,candidate_1
1737,0,candidate_2,candidate_1
1738,candidate_3,0,0
1739,candidate_3,candidate_2,candidate_1
1740,candidate_3,candidate_2,0
1741,0,candidate_2,0
1742,candidate_3,candidate_2,candidate_1
1743,candidate_3,candidate_2,candidate_1
1744,candidate_3,candidate_2,candidate_1
1745,candidate_3,candidate_2,candidate_1
1746,0,0,candidate_1
1747,candidate_3,candidate_2,candidate_1
1748,candidate_3,candidate_2,candidate_1
1749,candidate_3,0,candidate_1
1750,candidate_3,candidate_2,0
1751,candidate_3,candidate_2,candidate_1
1752,candidate_3,candidate_2,candidate_1
1753,0,0,candidate_1
1754,0,candidate_2,candidate_1
1755,candidate_3,candidate_2,0
1756,candidate_3,candidate_2,0
1757,candidate_3,0,candidate_1
1758,candidate_3,candidate_2,candidate_1
1759,candidate_3,candidate_2,candidate_1
1760,candidate_3,candidate_2,candidate_1
1761,candidate_3,candidate_2,candidate_1
1762,candidate_3,candidate_2,candidate_1
1763,candidate_3,candidate_2,candidate_1
1764,candidate_3,0,0
1765,candidate_3,0,candidate_1
1766,candidate_3,0,candidate_1
1767,0,candidate_2,candidate_1
1768,candidate_3,candidate_2,candidate_1
1769,candidate_3,candidate_2,0
1770,candidate_3,candidate_2,candidate_1
1771,candidate_3,candidate_2,candidate_1
1772,candidate_3,candidate_2,0
1773,candidate_3,candidate_2,candidate_1
1774,candidate_3,candidate_2,candidate_1
1775,candidate_3,0,candidate_1
1776,candidate_3,candidate_2,candidate_1
1777,0,candidate_2,candidate_1
1778,candidate_3,candidate_2,candidate_1
1779,candidate_3,candidate_2,0
1780,candidate_3,candidate_2,candidate_1
1781,candidate_3,candidate_2,candidate_1
1782,candidate_3,0,candidate_1
1783,candidate_3,candidate_2,0
1784,candidate_3,candidate_2,candidate_1
1785,candidate_3,candidate_2,candidate_1
1786,0,candidate_2,candidate_1
1787,0,candidate_2,0
1788,candidate_3,0,0
1789,candidate_3,candidate_2,candidate_1
1790,candidate_3,candidate_2,candidate_1
1791,candidate_3,candidate_2,candidate_1
1792,candidate_3,0,candidate_1
1793,candidate_3,candidate_2,candidate_1
1794,candidate_3,candidate_2,candidate_1
1795,candidate_3,candidate_2,0
1796,candidate_3,candidate_2,candidate_1
1797,0,candidate_2,candidate_1
1798,candidate_3,candidate_2,0
1799,candidate_3,candidate_2,candidate_1
1800,candidate_3,candidate_2,0
1801,candidate_3,candidate_2,candidate_1
1802,candidate_3,candidate_2,0
1803,candidate_3,candidate_2,candidate_1
1804,candidate_3,candidate_2,candidate_1
1805,candidate_3,candidate_2,candidate_1
1806,candidate_3,candidate_2,0
1807,candidate_3,candidate_2,candidate_1
1808,candidate_3,candidate_2,candidate_1
1809,candidate_3,candidate_2,0
1810,candidate_3,candidate_2,candidate_1
1811,candidate_3,candidate_2,candidate_1
1812,candidate_3,candidate_2,candidate_1
1813,candidate_3,candidate_2,candidate_1
1814,candidate_3,candidate_2,candidate_1
1815,candidate_3,candidate_2,0
1816,candidate_3,0,candidate_1
1817,candidate_3,candidate_2,candidate_1
1818,candidate_3,0,candidate_1
1819,candidate_3,0,candidate_1
1820,candidate_3,candidate_2,candidate_1
1821,candidate_3,candidate_2,candidate_1
1822,candidate_3,0,candidate_1
1823,candidate_3,0,candidate_1
1824,candidate_3,candidate_2,candidate_1
1825,0,0,candidate_1
1826,candidate_3,candidate_2,candidate_1
1827,0,candidate_2,candidate_1
1828,candidate_3,candidate_2,candidate_1
1829,candidate_3,candidate_2,candidate_1
1830,candidate_3,candidate_2,0
1831,candidate_3,candidate_2,0
1832,candidate_3,candidate_2,candidate_1
1833,0,candidate_2,candidate_1
1834,candidate_3,candidate_2,candidate_1
